{"palette":[{"name":"cobble","type":"square","texture":"stone.png"}],"level":[{"name":"cobble","pos":[0,0],"rotation":0},{"name":"cobble","pos":[0,1],"rotation":0},{"name":"cobble","pos":[0,2],"rotation":0},{"name":"cobble","pos":[0,3],"rotation":0},{"name":"cobble","pos":[0,4],"rotation":0},{"name":"cobble","pos":[0,5],"rotation":0},{"name":"cobble","pos":[0,6],"rotation":0},{"name":"cobble","pos":[0,7],"rotation":0},{"name":"cobble","pos":[0,8],"rotation":0},{"name":"cobble","pos":[0,9],"rotation":0},{"name":"cobble","pos":[0,10],"rotation":0},{"name":"cobble","pos":[0,11],"rotation":0},{"name":"cobble","pos":[0,12],"rotation":0},{"name":"cobble","pos":[0,13],"rotation":0},{"name":"cobble","pos":[0,14],"rotation":0},{"name":"cobble","pos":[0,15],"rotation":0},{"name":"cobble","pos":[0,16],"rotation":0},{"name":"cobble","pos":[0,17],"rotation":0},{"name":"cobble","pos":[0,18],"rotation":0},{"name":"cobble","pos":[0,19],"rotation":0},{"name":"cobble","pos":[0,20],"rotation":0},{"name":"cobble","pos":[0,21],"rotation":0},{"name":"cobble","pos":[0,22],"rotation":0},{"name":"cobble","pos":[0,23],"rotation":0},{"name":"cobble","pos":[0,24],"rotation":0},{"name":"cobble","pos":[0,25],"rotation":0},{"name":"cobble","pos":[0,26],"rotation":0},{"name":"cobble","pos":[0,27],"rotation":0},{"name":"cobble","pos":[0,28],"rotation":0},{"name":"cobble","pos":[0,29],"rotation":0},{"name":"cobble","pos":[0,30],"rotation":0},{"name":"cobble","pos":[1,0],"rotation":0},{"name":"cobble","pos":[1,6],"rotation":0},{"name":"cobble","pos":[1,9],"rotation":0},{"name":"cobble","pos":[1,15],"rotation":0},{"name":"cobble","pos":[1,21],"rotation":0},{"name":"cobble","pos":[1,30],"rotation":0},{"name":"cobble","pos":[2,0],"rotation":0},{"name":"cobble","pos":[2,6],"rotation":0},{"name":"cobble","pos":[2,9],"rotation":0},{"name":"cobble","pos":[2,15],"rotation":0},{"name":"cobble","pos":[2,21],"rotation":0},{"name":"cobble","pos":[2,30],"rotation":0},{"name":"cobble","pos":[3,0],"rotation":0},{"name":"cobble","pos":[3,3],"rotation":0},{"name":"cobble","pos":[3,4],"rotation":0},{"name":"cobble","pos":[3,5],"rotation":0},{"name":"cobble","pos":[3,6],"rotation":0},{"name":"cobble","pos":[3,9],"rotation":0},{"name":"cobble","pos":[3,10],"rotation":0},{"name":"cobble","pos":[3,11],"rotation":0},{"name":"cobble","pos":[3,12],"rotation":0},{"name":"cobble","pos":[3,15],"rotation":0},{"name":"cobble","pos":[3,18],"rotation":0},{"name":"cobble","pos":[3,19],"rotation":0},{"name":"cobble","pos":[3,20],"rotation":0},{"name":"cobble","pos":[3,21],"rotation":0},{"name":"cobble","pos":[3,22],"rotation":0},{"name":"cobble","pos":[3,23],"rotation":0},{"name":"cobble","pos":[3,24],"rotation":0},{"name":"cobble","pos":[3,25],"rotation":0},{"name":"cobble","pos":[3,26],"rotation":0},{"name":"cobble","pos":[3,27],"rotation":0},{"name":"cobble","pos":[3,30],"rotation":0},{"name":"cobble","pos":[4,0],"rotation":0},{"name":"cobble","pos":[4,9],"rotation":0},{"name":"cobble","pos":[4,18],"rotation":0},{"name":"cobble","pos":[4,24],"rotation":0},{"name":"cobble","pos":[4,30],"rotation":0},{"name":"cobble","pos":[5,0],"rotation":0},{"name":"cobble","pos":[5,9],"rotation":0},{"name":"cobble","pos":[5,18],"rotation":0},{"name":"cobble","pos":[5,24],"rotation":0},{"name":"cobble","pos":[5,30],"rotation":0},{"name":"cobble","pos":[6,0],"rotation":0},{"name":"cobble","pos":[6,1],"rotation":0},{"name":"cobble","pos":[6,2],"rotation":0},{"name":"cobble","pos":[6,3],"rotation":0},{"name":"cobble","pos":[6,4],"rotation":0},{"name":"cobble","pos":[6,5],"rotation":0},{"name":"cobble","pos":[6,6],"rotation":0},{"name":"cobble","pos":[6,9],"rotation":0},{"name":"cobble","pos":[6,12],"rotation":0},{"name":"cobble","pos":[6,13],"rotation":0},{"name":"cobble","pos":[6,14],"rotation":0},{"name":"cobble","pos":[6,15],"rotation":0},{"name":"cobble","pos":[6,18],"rotation":0},{"name":"cobble","pos":[6,19],"rotation":0},{"name":"cobble","pos":[6,20],"rotation":0},{"name":"cobble","pos":[6,21],"rotation":0},{"name":"cobble","pos":[6,24],"rotation":0},{"name":"cobble","pos":[6,27],"rotation":0},{"name":"cobble","pos":[6,30],"rotation":0},{"name":"cobble","pos":[7,0],"rotation":0},{"name":"cobble","pos":[7,3],"rotation":0},{"name":"cobble","pos":[7,12],"rotation":0},{"name":"cobble","pos":[7,21],"rotation":0},{"name":"cobble","pos":[7,24],"rotation":0},{"name":"cobble","pos":[7,27],"rotation":0},{"name":"cobble","pos":[7,30],"rotation":0},{"name":"cobble","pos":[8,0],"rotation":0},{"name":"cobble","pos":[8,3],"rotation":0},{"name":"cobble","pos":[8,12],"rotation":0},{"name":"cobble","pos":[8,21],"rotation":0},{"name":"cobble","pos":[8,24],"rotation":0},{"name":"cobble","pos":[8,27],"rotation":0},{"name":"cobble","pos":[8,30],"rotation":0},{"name":"cobble","pos":[9,0],"rotation":0},{"name":"cobble","pos":[9,3],"rotation":0},{"name":"cobble","pos":[9,6],"rotation":0},{"name":"cobble","pos":[9,7],"rotation":0},{"name":"cobble","pos":[9,8],"rotation":0},{"name":"cobble","pos":[9,9],"rotation":0},{"name":"cobble","pos":[9,12],"rotation":0},{"name":"cobble","pos":[9,13],"rotation":0},{"name":"cobble","pos":[9,14],"rotation":0},{"name":"cobble","pos":[9,15],"rotation":0},{"name":"cobble","pos":[9,16],"rotation":0},{"name":"cobble","pos":[9,17],"rotation":0},{"name":"cobble","pos":[9,18],"rotation":0},{"name":"cobble","pos":[9,19],"rotation":0},{"name":"cobble","pos":[9,20],"rotation":0},{"name":"cobble","pos":[9,21],"rotation":0},{"name":"cobble","pos":[9,24],"rotation":0},{"name":"cobble","pos":[9,27],"rotation":0},{"name":"cobble","pos":[9,28],"rotation":0},{"name":"cobble","pos":[9,29],"rotation":0},{"name":"cobble","pos":[9,30],"rotation":0},{"name":"cobble","pos":[10,0],"rotation":0},{"name":"cobble","pos":[10,9],"rotation":0},{"name":"cobble","pos":[10,15],"rotation":0},{"name":"cobble","pos":[10,21],"rotation":0},{"name":"cobble","pos":[10,30],"rotation":0},{"name":"cobble","pos":[11,0],"rotation":0},{"name":"cobble","pos":[11,9],"rotation":0},{"name":"cobble","pos":[11,15],"rotation":0},{"name":"cobble","pos":[11,21],"rotation":0},{"name":"cobble","pos":[11,30],"rotation":0},{"name":"cobble","pos":[12,0],"rotation":0},{"name":"cobble","pos":[12,1],"rotation":0},{"name":"cobble","pos":[12,2],"rotation":0},{"name":"cobble","pos":[12,3],"rotation":0},{"name":"cobble","pos":[12,6],"rotation":0},{"name":"cobble","pos":[12,7],"rotation":0},{"name":"cobble","pos":[12,8],"rotation":0},{"name":"cobble","pos":[12,9],"rotation":0},{"name":"cobble","pos":[12,10],"rotation":0},{"name":"cobble","pos":[12,11],"rotation":0},{"name":"cobble","pos":[12,12],"rotation":0},{"name":"cobble","pos":[12,15],"rotation":0},{"name":"cobble","pos":[12,16],"rotation":0},{"name":"cobble","pos":[12,17],"rotation":0},{"name":"cobble","pos":[12,18],"rotation":0},{"name":"cobble","pos":[12,21],"rotation":0},{"name":"cobble","pos":[12,24],"rotation":0},{"name":"cobble","pos":[12,27],"rotation":0},{"name":"cobble","pos":[12,30],"rotation":0},{"name":"cobble","pos":[13,0],"rotation":0},{"name":"cobble","pos":[13,3],"rotation":0},{"name":"cobble","pos":[13,6],"rotation":0},{"name":"cobble","pos":[13,12],"rotation":0},{"name":"cobble","pos":[13,18],"rotation":0},{"name":"cobble","pos":[13,24],"rotation":0},{"name":"cobble","pos":[13,27],"rotation":0},{"name":"cobble","pos":[13,30],"rotation":0},{"name":"cobble","pos":[14,0],"rotation":0},{"name":"cobble","pos":[14,3],"rotation":0},{"name":"cobble","pos":[14,6],"rotation":0},{"name":"cobble","pos":[14,12],"rotation":0},{"name":"cobble","pos":[14,18],"rotation":0},{"name":"cobble","pos":[14,24],"rotation":0},{"name":"cobble","pos":[14,27],"rotation":0},{"name":"cobble","pos":[14,30],"rotation":0},{"name":"cobble","pos":[15,0],"rotation":0},{"name":"cobble","pos":[15,3],"rotation":0},{"name":"cobble","pos":[15,4],"rotation":0},{"name":"cobble","pos":[15,5],"rotation":0},{"name":"cobble","pos":[15,6],"rotation":0},{"name":"cobble","pos":[15,7],"rotation":0},{"name":"cobble","pos":[15,8],"rotation":0},{"name":"cobble","pos":[15,9],"rotation":0},{"name":"cobble","pos":[15,12],"rotation":0},{"name":"cobble","pos":[15,15],"rotation":0},{"name":"cobble","pos":[15,16],"rotation":0},{"name":"cobble","pos":[15,17],"rotation":0},{"name":"cobble","pos":[15,18],"rotation":0},{"name":"cobble","pos":[15,21],"rotation":0},{"name":"cobble","pos":[15,22],"rotation":0},{"name":"cobble","pos":[15,23],"rotation":0},{"name":"cobble","pos":[15,24],"rotation":0},{"name":"cobble","pos":[15,25],"rotation":0},{"name":"cobble","pos":[15,26],"rotation":0},{"name":"cobble","pos":[15,27],"rotation":0},{"name":"cobble","pos":[15,28],"rotation":0},{"name":"cobble","pos":[15,29],"rotation":0},{"name":"cobble","pos":[15,30],"rotation":0},{"name":"cobble","pos":[16,0],"rotation":0},{"name":"cobble","pos":[16,9],"rotation":0},{"name":"cobble","pos":[16,21],"rotation":0},{"name":"cobble","pos":[16,30],"rotation":0},{"name":"cobble","pos":[17,0],"rotation":0},{"name":"cobble","pos":[17,9],"rotation":0},{"name":"cobble","pos":[17,21],"rotation":0},{"name":"cobble","pos":[17,30],"rotation":0},{"name":"cobble","pos":[18,0],"rotation":0},{"name":"cobble","pos":[18,3],"rotation":0},{"name":"cobble","pos":[18,6],"rotation":0},{"name":"cobble","pos":[18,7],"rotation":0},{"name":"cobble","pos":[18,8],"rotation":0},{"name":"cobble","pos":[18,9],"rotation":0},{"name":"cobble","pos":[18,12],"rotation":0},{"name":"cobble","pos":[18,13],"rotation":0},{"name":"cobble","pos":[18,14],"rotation":0},{"name":"cobble","pos":[18,15],"rotation":0},{"name":"cobble","pos":[18,18],"rotation":0},{"name":"cobble","pos":[18,19],"rotation":0},{"name":"cobble","pos":[18,20],"rotation":0},{"name":"cobble","pos":[18,21],"rotation":0},{"name":"cobble","pos":[18,22],"rotation":0},{"name":"cobble","pos":[18,23],"rotation":0},{"name":"cobble","pos":[18,24],"rotation":0},{"name":"cobble","pos":[18,27],"rotation":0},{"name":"cobble","pos":[18,28],"rotation":0},{"name":"cobble","pos":[18,29],"rotation":0},{"name":"cobble","pos":[18,30],"rotation":0},{"name":"cobble","pos":[19,0],"rotation":0},{"name":"cobble","pos":[19,3],"rotation":0},{"name":"cobble","pos":[19,6],"rotation":0},{"name":"cobble","pos":[19,12],"rotation":0},{"name":"cobble","pos":[19,15],"rotation":0},{"name":"cobble","pos":[19,18],"rotation":0},{"name":"cobble","pos":[19,27],"rotation":0},{"name":"cobble","pos":[19,30],"rotation":0},{"name":"cobble","pos":[20,0],"rotation":0},{"name":"cobble","pos":[20,3],"rotation":0},{"name":"cobble","pos":[20,6],"rotation":0},{"name":"cobble","pos":[20,12],"rotation":0},{"name":"cobble","pos":[20,15],"rotation":0},{"name":"cobble","pos":[20,18],"rotation":0},{"name":"cobble","pos":[20,27],"rotation":0},{"name":"cobble","pos":[20,30],"rotation":0},{"name":"cobble","pos":[21,0],"rotation":0},{"name":"cobble","pos":[21,1],"rotation":0},{"name":"cobble","pos":[21,2],"rotation":0},{"name":"cobble","pos":[21,3],"rotation":0},{"name":"cobble","pos":[21,6],"rotation":0},{"name":"cobble","pos":[21,7],"rotation":0},{"name":"cobble","pos":[21,8],"rotation":0},{"name":"cobble","pos":[21,9],"rotation":0},{"name":"cobble","pos":[21,10],"rotation":0},{"name":"cobble","pos":[21,11],"rotation":0},{"name":"cobble","pos":[21,12],"rotation":0},{"name":"cobble","pos":[21,15],"rotation":0},{"name":"cobble","pos":[21,18],"rotation":0},{"name":"cobble","pos":[21,21],"rotation":0},{"name":"cobble","pos":[21,22],"rotation":0},{"name":"cobble","pos":[21,23],"rotation":0},{"name":"cobble","pos":[21,24],"rotation":0},{"name":"cobble","pos":[21,27],"rotation":0},{"name":"cobble","pos":[21,30],"rotation":0},{"name":"cobble","pos":[22,0],"rotation":0},{"name":"cobble","pos":[22,12],"rotation":0},{"name":"cobble","pos":[22,21],"rotation":0},{"name":"cobble","pos":[22,24],"rotation":0},{"name":"cobble","pos":[22,30],"rotation":0},{"name":"cobble","pos":[23,0],"rotation":0},{"name":"cobble","pos":[23,12],"rotation":0},{"name":"cobble","pos":[23,21],"rotation":0},{"name":"cobble","pos":[23,24],"rotation":0},{"name":"cobble","pos":[23,30],"rotation":0},{"name":"cobble","pos":[24,0],"rotation":0},{"name":"cobble","pos":[24,4],"rotation":0},{"name":"cobble","pos":[24,5],"rotation":0},{"name":"cobble","pos":[24,6],"rotation":0},{"name":"cobble","pos":[24,9],"rotation":0},{"name":"cobble","pos":[24,12],"rotation":0},{"name":"cobble","pos":[24,13],"rotation":0},{"name":"cobble","pos":[24,14],"rotation":0},{"name":"cobble","pos":[24,15],"rotation":0},{"name":"cobble","pos":[24,18],"rotation":0},{"name":"cobble","pos":[24,21],"rotation":0},{"name":"cobble","pos":[24,24],"rotation":0},{"name":"cobble","pos":[24,25],"rotation":0},{"name":"cobble","pos":[24,26],"rotation":0},{"name":"cobble","pos":[24,27],"rotation":0},{"name":"cobble","pos":[24,28],"rotation":0},{"name":"cobble","pos":[24,29],"rotation":0},{"name":"cobble","pos":[24,30],"rotation":0},{"name":"cobble","pos":[25,0],"rotation":0},{"name":"cobble","pos":[25,6],"rotation":0},{"name":"cobble","pos":[25,9],"rotation":0},{"name":"cobble","pos":[25,12],"rotation":0},{"name":"cobble","pos":[25,18],"rotation":0},{"name":"cobble","pos":[25,30],"rotation":0},{"name":"cobble","pos":[26,0],"rotation":0},{"name":"cobble","pos":[26,6],"rotation":0},{"name":"cobble","pos":[26,9],"rotation":0},{"name":"cobble","pos":[26,12],"rotation":0},{"name":"cobble","pos":[26,18],"rotation":0},{"name":"cobble","pos":[26,30],"rotation":0},{"name":"cobble","pos":[27,0],"rotation":0},{"name":"cobble","pos":[27,3],"rotation":0},{"name":"cobble","pos":[27,6],"rotation":0},{"name":"cobble","pos":[27,7],"rotation":0},{"name":"cobble","pos":[27,8],"rotation":0},{"name":"cobble","pos":[27,9],"rotation":0},{"name":"cobble","pos":[27,12],"rotation":0},{"name":"cobble","pos":[27,15],"rotation":0},{"name":"cobble","pos":[27,18],"rotation":0},{"name":"cobble","pos":[27,19],"rotation":0},{"name":"cobble","pos":[27,20],"rotation":0},{"name":"cobble","pos":[27,21],"rotation":0},{"name":"cobble","pos":[27,24],"rotation":0},{"name":"cobble","pos":[27,25],"rotation":0},{"name":"cobble","pos":[27,26],"rotation":0},{"name":"cobble","pos":[27,27],"rotation":0},{"name":"cobble","pos":[27,28],"rotation":0},{"name":"cobble","pos":[27,29],"rotation":0},{"name":"cobble","pos":[27,30],"rotation":0},{"name":"cobble","pos":[28,0],"rotation":0},{"name":"cobble","pos":[28,3],"rotation":0},{"name":"cobble","pos":[28,9],"rotation":0},{"name":"cobble","pos":[28,15],"rotation":0},{"name":"cobble","pos":[28,21],"rotation":0},{"name":"cobble","pos":[28,30],"rotation":0},{"name":"cobble","pos":[29,0],"rotation":0},{"name":"cobble","pos":[29,3],"rotation":0},{"name":"cobble","pos":[29,9],"rotation":0},{"name":"cobble","pos":[29,15],"rotation":0},{"name":"cobble","pos":[29,21],"rotation":0},{"name":"cobble","pos":[29,30],"rotation":0},{"name":"cobble","pos":[30,0],"rotation":0},{"name":"cobble","pos":[30,1],"rotation":0},{"name":"cobble","pos":[30,2],"rotation":0},{"name":"cobble","pos":[30,3],"rotation":0},{"name":"cobble","pos":[30,4],"rotation":0},{"name":"cobble","pos":[30,5],"rotation":0},{"name":"cobble","pos":[30,6],"rotation":0},{"name":"cobble","pos":[30,7],"rotation":0},{"name":"cobble","pos":[30,8],"rotation":0},{"name":"cobble","pos":[30,9],"rotation":0},{"name":"cobble","pos":[30,10],"rotation":0},{"name":"cobble","pos":[30,11],"rotation":0},{"name":"cobble","pos":[30,12],"rotation":0},{"name":"cobble","pos":[30,13],"rotation":0},{"name":"cobble","pos":[30,14],"rotation":0},{"name":"cobble","pos":[30,15],"rotation":0},{"name":"cobble","pos":[30,16],"rotation":0},{"name":"cobble","pos":[30,17],"rotation":0},{"name":"cobble","pos":[30,18],"rotation":0},{"name":"cobble","pos":[30,19],"rotation":0},{"name":"cobble","pos":[30,20],"rotation":0},{"name":"cobble","pos":[30,21],"rotation":0},{"name":"cobble","pos":[30,22],"rotation":0},{"name":"cobble","pos":[30,23],"rotation":0},{"name":"cobble","pos":[30,24],"rotation":0},{"name":"cobble","pos":[30,25],"rotation":0},{"name":"cobble","pos":[30,26],"rotation":0},{"name":"cobble","pos":[30,27],"rotation":0},{"name":"cobble","pos":[30,28],"rotation":0},{"name":"cobble","pos":[30,29],"rotation":0},{"name":"cobble","pos":[30,30],"rotation":0}]}