{"palette":[{"name":"sidewalk","type":"square","texture":"sidewalk.png"},{"name":"sidewalk_bottom","type":"square","texture":"sidewalk_bottom.png"}],"level":[{"name":"sidewalk","pos":[0,26],"rotation":0},{"name":"sidewalk_bottom","pos":[0,27],"rotation":0},{"name":"sidewalk_bottom","pos":[0,28],"rotation":0},{"name":"sidewalk_bottom","pos":[0,29],"rotation":0},{"name":"sidewalk_bottom","pos":[0,30],"rotation":0},{"name":"sidewalk_bottom","pos":[0,31],"rotation":0},{"name":"sidewalk","pos":[1,26],"rotation":0},{"name":"sidewalk_bottom","pos":[1,27],"rotation":0},{"name":"sidewalk_bottom","pos":[1,28],"rotation":0},{"name":"sidewalk_bottom","pos":[1,29],"rotation":0},{"name":"sidewalk_bottom","pos":[1,30],"rotation":0},{"name":"sidewalk_bottom","pos":[1,31],"rotation":0},{"name":"sidewalk","pos":[2,26],"rotation":0},{"name":"sidewalk_bottom","pos":[2,27],"rotation":0},{"name":"sidewalk_bottom","pos":[2,28],"rotation":0},{"name":"sidewalk_bottom","pos":[2,29],"rotation":0},{"name":"sidewalk_bottom","pos":[2,30],"rotation":0},{"name":"sidewalk_bottom","pos":[2,31],"rotation":0},{"name":"sidewalk","pos":[3,26],"rotation":0},{"name":"sidewalk_bottom","pos":[3,27],"rotation":0},{"name":"sidewalk_bottom","pos":[3,28],"rotation":0},{"name":"sidewalk_bottom","pos":[3,29],"rotation":0},{"name":"sidewalk_bottom","pos":[3,30],"rotation":0},{"name":"sidewalk_bottom","pos":[3,31],"rotation":0},{"name":"sidewalk","pos":[4,26],"rotation":0},{"name":"sidewalk_bottom","pos":[4,27],"rotation":0},{"name":"sidewalk_bottom","pos":[4,28],"rotation":0},{"name":"sidewalk_bottom","pos":[4,29],"rotation":0},{"name":"sidewalk_bottom","pos":[4,30],"rotation":0},{"name":"sidewalk_bottom","pos":[4,31],"rotation":0},{"name":"sidewalk","pos":[5,26],"rotation":0},{"name":"sidewalk_bottom","pos":[5,27],"rotation":0},{"name":"sidewalk_bottom","pos":[5,28],"rotation":0},{"name":"sidewalk_bottom","pos":[5,29],"rotation":0},{"name":"sidewalk_bottom","pos":[5,30],"rotation":0},{"name":"sidewalk_bottom","pos":[5,31],"rotation":0},{"name":"sidewalk","pos":[6,26],"rotation":0},{"name":"sidewalk_bottom","pos":[6,27],"rotation":0},{"name":"sidewalk_bottom","pos":[6,28],"rotation":0},{"name":"sidewalk_bottom","pos":[6,29],"rotation":0},{"name":"sidewalk_bottom","pos":[6,30],"rotation":0},{"name":"sidewalk_bottom","pos":[6,31],"rotation":0},{"name":"sidewalk","pos":[7,26],"rotation":0},{"name":"sidewalk_bottom","pos":[7,27],"rotation":0},{"name":"sidewalk_bottom","pos":[7,28],"rotation":0},{"name":"sidewalk_bottom","pos":[7,29],"rotation":0},{"name":"sidewalk_bottom","pos":[7,30],"rotation":0},{"name":"sidewalk_bottom","pos":[7,31],"rotation":0},{"name":"sidewalk","pos":[8,26],"rotation":0},{"name":"sidewalk_bottom","pos":[8,27],"rotation":0},{"name":"sidewalk_bottom","pos":[8,28],"rotation":0},{"name":"sidewalk_bottom","pos":[8,29],"rotation":0},{"name":"sidewalk_bottom","pos":[8,30],"rotation":0},{"name":"sidewalk_bottom","pos":[8,31],"rotation":0},{"name":"sidewalk","pos":[9,26],"rotation":0},{"name":"sidewalk_bottom","pos":[9,27],"rotation":0},{"name":"sidewalk_bottom","pos":[9,28],"rotation":0},{"name":"sidewalk_bottom","pos":[9,29],"rotation":0},{"name":"sidewalk_bottom","pos":[9,30],"rotation":0},{"name":"sidewalk_bottom","pos":[9,31],"rotation":0},{"name":"sidewalk","pos":[10,26],"rotation":0},{"name":"sidewalk_bottom","pos":[10,27],"rotation":0},{"name":"sidewalk_bottom","pos":[10,28],"rotation":0},{"name":"sidewalk_bottom","pos":[10,29],"rotation":0},{"name":"sidewalk_bottom","pos":[10,30],"rotation":0},{"name":"sidewalk_bottom","pos":[10,31],"rotation":0},{"name":"sidewalk","pos":[11,26],"rotation":0},{"name":"sidewalk_bottom","pos":[11,27],"rotation":0},{"name":"sidewalk_bottom","pos":[11,28],"rotation":0},{"name":"sidewalk_bottom","pos":[11,29],"rotation":0},{"name":"sidewalk_bottom","pos":[11,30],"rotation":0},{"name":"sidewalk_bottom","pos":[11,31],"rotation":0},{"name":"sidewalk","pos":[12,26],"rotation":0},{"name":"sidewalk_bottom","pos":[12,27],"rotation":0},{"name":"sidewalk_bottom","pos":[12,28],"rotation":0},{"name":"sidewalk_bottom","pos":[12,29],"rotation":0},{"name":"sidewalk_bottom","pos":[12,30],"rotation":0},{"name":"sidewalk_bottom","pos":[12,31],"rotation":0},{"name":"sidewalk","pos":[13,26],"rotation":0},{"name":"sidewalk_bottom","pos":[13,27],"rotation":0},{"name":"sidewalk_bottom","pos":[13,28],"rotation":0},{"name":"sidewalk_bottom","pos":[13,29],"rotation":0},{"name":"sidewalk_bottom","pos":[13,30],"rotation":0},{"name":"sidewalk_bottom","pos":[13,31],"rotation":0},{"name":"sidewalk","pos":[14,26],"rotation":0},{"name":"sidewalk_bottom","pos":[14,27],"rotation":0},{"name":"sidewalk_bottom","pos":[14,28],"rotation":0},{"name":"sidewalk_bottom","pos":[14,29],"rotation":0},{"name":"sidewalk_bottom","pos":[14,30],"rotation":0},{"name":"sidewalk_bottom","pos":[14,31],"rotation":0},{"name":"sidewalk","pos":[15,26],"rotation":0},{"name":"sidewalk_bottom","pos":[15,27],"rotation":0},{"name":"sidewalk_bottom","pos":[15,28],"rotation":0},{"name":"sidewalk_bottom","pos":[15,29],"rotation":0},{"name":"sidewalk_bottom","pos":[15,30],"rotation":0},{"name":"sidewalk_bottom","pos":[15,31],"rotation":0},{"name":"sidewalk","pos":[16,26],"rotation":0},{"name":"sidewalk_bottom","pos":[16,27],"rotation":0},{"name":"sidewalk_bottom","pos":[16,28],"rotation":0},{"name":"sidewalk_bottom","pos":[16,29],"rotation":0},{"name":"sidewalk_bottom","pos":[16,30],"rotation":0},{"name":"sidewalk_bottom","pos":[16,31],"rotation":0},{"name":"sidewalk","pos":[17,26],"rotation":0},{"name":"sidewalk_bottom","pos":[17,27],"rotation":0},{"name":"sidewalk_bottom","pos":[17,28],"rotation":0},{"name":"sidewalk_bottom","pos":[17,29],"rotation":0},{"name":"sidewalk_bottom","pos":[17,30],"rotation":0},{"name":"sidewalk_bottom","pos":[17,31],"rotation":0},{"name":"sidewalk","pos":[18,26],"rotation":0},{"name":"sidewalk_bottom","pos":[18,27],"rotation":0},{"name":"sidewalk_bottom","pos":[18,28],"rotation":0},{"name":"sidewalk_bottom","pos":[18,29],"rotation":0},{"name":"sidewalk_bottom","pos":[18,30],"rotation":0},{"name":"sidewalk_bottom","pos":[18,31],"rotation":0},{"name":"sidewalk","pos":[19,26],"rotation":0},{"name":"sidewalk_bottom","pos":[19,27],"rotation":0},{"name":"sidewalk_bottom","pos":[19,28],"rotation":0},{"name":"sidewalk_bottom","pos":[19,29],"rotation":0},{"name":"sidewalk_bottom","pos":[19,30],"rotation":0},{"name":"sidewalk_bottom","pos":[19,31],"rotation":0},{"name":"sidewalk","pos":[20,26],"rotation":0},{"name":"sidewalk_bottom","pos":[20,27],"rotation":0},{"name":"sidewalk_bottom","pos":[20,28],"rotation":0},{"name":"sidewalk_bottom","pos":[20,29],"rotation":0},{"name":"sidewalk_bottom","pos":[20,30],"rotation":0},{"name":"sidewalk_bottom","pos":[20,31],"rotation":0},{"name":"sidewalk","pos":[21,26],"rotation":0},{"name":"sidewalk_bottom","pos":[21,27],"rotation":0},{"name":"sidewalk_bottom","pos":[21,28],"rotation":0},{"name":"sidewalk_bottom","pos":[21,29],"rotation":0},{"name":"sidewalk_bottom","pos":[21,30],"rotation":0},{"name":"sidewalk_bottom","pos":[21,31],"rotation":0},{"name":"sidewalk","pos":[22,26],"rotation":0},{"name":"sidewalk_bottom","pos":[22,27],"rotation":0},{"name":"sidewalk_bottom","pos":[22,28],"rotation":0},{"name":"sidewalk_bottom","pos":[22,29],"rotation":0},{"name":"sidewalk_bottom","pos":[22,30],"rotation":0},{"name":"sidewalk_bottom","pos":[22,31],"rotation":0},{"name":"sidewalk","pos":[23,26],"rotation":0},{"name":"sidewalk_bottom","pos":[23,27],"rotation":0},{"name":"sidewalk_bottom","pos":[23,28],"rotation":0},{"name":"sidewalk_bottom","pos":[23,29],"rotation":0},{"name":"sidewalk_bottom","pos":[23,30],"rotation":0},{"name":"sidewalk_bottom","pos":[23,31],"rotation":0},{"name":"sidewalk","pos":[24,26],"rotation":0},{"name":"sidewalk_bottom","pos":[24,27],"rotation":0},{"name":"sidewalk_bottom","pos":[24,28],"rotation":0},{"name":"sidewalk_bottom","pos":[24,29],"rotation":0},{"name":"sidewalk_bottom","pos":[24,30],"rotation":0},{"name":"sidewalk_bottom","pos":[24,31],"rotation":0},{"name":"sidewalk","pos":[25,26],"rotation":0},{"name":"sidewalk_bottom","pos":[25,27],"rotation":0},{"name":"sidewalk_bottom","pos":[25,28],"rotation":0},{"name":"sidewalk_bottom","pos":[25,29],"rotation":0},{"name":"sidewalk_bottom","pos":[25,30],"rotation":0},{"name":"sidewalk_bottom","pos":[25,31],"rotation":0},{"name":"sidewalk","pos":[26,26],"rotation":0},{"name":"sidewalk_bottom","pos":[26,27],"rotation":0},{"name":"sidewalk_bottom","pos":[26,28],"rotation":0},{"name":"sidewalk_bottom","pos":[26,29],"rotation":0},{"name":"sidewalk_bottom","pos":[26,30],"rotation":0},{"name":"sidewalk_bottom","pos":[26,31],"rotation":0},{"name":"sidewalk","pos":[27,26],"rotation":0},{"name":"sidewalk_bottom","pos":[27,27],"rotation":0},{"name":"sidewalk_bottom","pos":[27,28],"rotation":0},{"name":"sidewalk_bottom","pos":[27,29],"rotation":0},{"name":"sidewalk_bottom","pos":[27,30],"rotation":0},{"name":"sidewalk_bottom","pos":[27,31],"rotation":0},{"name":"sidewalk","pos":[28,26],"rotation":0},{"name":"sidewalk_bottom","pos":[28,27],"rotation":0},{"name":"sidewalk_bottom","pos":[28,28],"rotation":0},{"name":"sidewalk_bottom","pos":[28,29],"rotation":0},{"name":"sidewalk_bottom","pos":[28,30],"rotation":0},{"name":"sidewalk_bottom","pos":[28,31],"rotation":0},{"name":"sidewalk","pos":[29,26],"rotation":0},{"name":"sidewalk_bottom","pos":[29,27],"rotation":0},{"name":"sidewalk_bottom","pos":[29,28],"rotation":0},{"name":"sidewalk_bottom","pos":[29,29],"rotation":0},{"name":"sidewalk_bottom","pos":[29,30],"rotation":0},{"name":"sidewalk_bottom","pos":[29,31],"rotation":0},{"name":"sidewalk","pos":[30,26],"rotation":0},{"name":"sidewalk_bottom","pos":[30,27],"rotation":0},{"name":"sidewalk_bottom","pos":[30,28],"rotation":0},{"name":"sidewalk_bottom","pos":[30,29],"rotation":0},{"name":"sidewalk_bottom","pos":[30,30],"rotation":0},{"name":"sidewalk_bottom","pos":[30,31],"rotation":0},{"name":"sidewalk","pos":[31,26],"rotation":0},{"name":"sidewalk_bottom","pos":[31,27],"rotation":0},{"name":"sidewalk_bottom","pos":[31,28],"rotation":0},{"name":"sidewalk_bottom","pos":[31,29],"rotation":0},{"name":"sidewalk_bottom","pos":[31,30],"rotation":0},{"name":"sidewalk_bottom","pos":[31,31],"rotation":0},{"name":"sidewalk","pos":[32,26],"rotation":0},{"name":"sidewalk_bottom","pos":[32,27],"rotation":0},{"name":"sidewalk_bottom","pos":[32,28],"rotation":0},{"name":"sidewalk_bottom","pos":[32,29],"rotation":0},{"name":"sidewalk_bottom","pos":[32,30],"rotation":0},{"name":"sidewalk_bottom","pos":[32,31],"rotation":0},{"name":"sidewalk","pos":[33,26],"rotation":0},{"name":"sidewalk_bottom","pos":[33,27],"rotation":0},{"name":"sidewalk_bottom","pos":[33,28],"rotation":0},{"name":"sidewalk_bottom","pos":[33,29],"rotation":0},{"name":"sidewalk_bottom","pos":[33,30],"rotation":0},{"name":"sidewalk_bottom","pos":[33,31],"rotation":0},{"name":"sidewalk","pos":[34,26],"rotation":0},{"name":"sidewalk_bottom","pos":[34,27],"rotation":0},{"name":"sidewalk_bottom","pos":[34,28],"rotation":0},{"name":"sidewalk_bottom","pos":[34,29],"rotation":0},{"name":"sidewalk_bottom","pos":[34,30],"rotation":0},{"name":"sidewalk_bottom","pos":[34,31],"rotation":0},{"name":"sidewalk","pos":[35,26],"rotation":0},{"name":"sidewalk_bottom","pos":[35,27],"rotation":0},{"name":"sidewalk_bottom","pos":[35,28],"rotation":0},{"name":"sidewalk_bottom","pos":[35,29],"rotation":0},{"name":"sidewalk_bottom","pos":[35,30],"rotation":0},{"name":"sidewalk_bottom","pos":[35,31],"rotation":0},{"name":"sidewalk","pos":[36,26],"rotation":0},{"name":"sidewalk_bottom","pos":[36,27],"rotation":0},{"name":"sidewalk_bottom","pos":[36,28],"rotation":0},{"name":"sidewalk_bottom","pos":[36,29],"rotation":0},{"name":"sidewalk_bottom","pos":[36,30],"rotation":0},{"name":"sidewalk_bottom","pos":[36,31],"rotation":0},{"name":"sidewalk","pos":[37,26],"rotation":0},{"name":"sidewalk_bottom","pos":[37,27],"rotation":0},{"name":"sidewalk_bottom","pos":[37,28],"rotation":0},{"name":"sidewalk_bottom","pos":[37,29],"rotation":0},{"name":"sidewalk_bottom","pos":[37,30],"rotation":0},{"name":"sidewalk_bottom","pos":[37,31],"rotation":0},{"name":"sidewalk","pos":[38,26],"rotation":0},{"name":"sidewalk_bottom","pos":[38,27],"rotation":0},{"name":"sidewalk_bottom","pos":[38,28],"rotation":0},{"name":"sidewalk_bottom","pos":[38,29],"rotation":0},{"name":"sidewalk_bottom","pos":[38,30],"rotation":0},{"name":"sidewalk_bottom","pos":[38,31],"rotation":0},{"name":"sidewalk","pos":[39,26],"rotation":0},{"name":"sidewalk_bottom","pos":[39,27],"rotation":0},{"name":"sidewalk_bottom","pos":[39,28],"rotation":0},{"name":"sidewalk_bottom","pos":[39,29],"rotation":0},{"name":"sidewalk_bottom","pos":[39,30],"rotation":0},{"name":"sidewalk_bottom","pos":[39,31],"rotation":0},{"name":"sidewalk","pos":[40,26],"rotation":0},{"name":"sidewalk_bottom","pos":[40,27],"rotation":0},{"name":"sidewalk_bottom","pos":[40,28],"rotation":0},{"name":"sidewalk_bottom","pos":[40,29],"rotation":0},{"name":"sidewalk_bottom","pos":[40,30],"rotation":0},{"name":"sidewalk_bottom","pos":[40,31],"rotation":0},{"name":"sidewalk","pos":[41,26],"rotation":0},{"name":"sidewalk_bottom","pos":[41,27],"rotation":0},{"name":"sidewalk_bottom","pos":[41,28],"rotation":0},{"name":"sidewalk_bottom","pos":[41,29],"rotation":0},{"name":"sidewalk_bottom","pos":[41,30],"rotation":0},{"name":"sidewalk_bottom","pos":[41,31],"rotation":0},{"name":"sidewalk","pos":[42,26],"rotation":0},{"name":"sidewalk_bottom","pos":[42,27],"rotation":0},{"name":"sidewalk_bottom","pos":[42,28],"rotation":0},{"name":"sidewalk_bottom","pos":[42,29],"rotation":0},{"name":"sidewalk_bottom","pos":[42,30],"rotation":0},{"name":"sidewalk_bottom","pos":[42,31],"rotation":0},{"name":"sidewalk","pos":[43,26],"rotation":0},{"name":"sidewalk_bottom","pos":[43,27],"rotation":0},{"name":"sidewalk_bottom","pos":[43,28],"rotation":0},{"name":"sidewalk_bottom","pos":[43,29],"rotation":0},{"name":"sidewalk_bottom","pos":[43,30],"rotation":0},{"name":"sidewalk_bottom","pos":[43,31],"rotation":0},{"name":"sidewalk","pos":[44,26],"rotation":0},{"name":"sidewalk_bottom","pos":[44,27],"rotation":0},{"name":"sidewalk_bottom","pos":[44,28],"rotation":0},{"name":"sidewalk_bottom","pos":[44,29],"rotation":0},{"name":"sidewalk_bottom","pos":[44,30],"rotation":0},{"name":"sidewalk_bottom","pos":[44,31],"rotation":0},{"name":"sidewalk","pos":[45,26],"rotation":0},{"name":"sidewalk_bottom","pos":[45,27],"rotation":0},{"name":"sidewalk_bottom","pos":[45,28],"rotation":0},{"name":"sidewalk_bottom","pos":[45,29],"rotation":0},{"name":"sidewalk_bottom","pos":[45,30],"rotation":0},{"name":"sidewalk_bottom","pos":[45,31],"rotation":0},{"name":"sidewalk","pos":[46,26],"rotation":0},{"name":"sidewalk_bottom","pos":[46,27],"rotation":0},{"name":"sidewalk_bottom","pos":[46,28],"rotation":0},{"name":"sidewalk_bottom","pos":[46,29],"rotation":0},{"name":"sidewalk_bottom","pos":[46,30],"rotation":0},{"name":"sidewalk_bottom","pos":[46,31],"rotation":0},{"name":"sidewalk","pos":[47,26],"rotation":0},{"name":"sidewalk_bottom","pos":[47,27],"rotation":0},{"name":"sidewalk_bottom","pos":[47,28],"rotation":0},{"name":"sidewalk_bottom","pos":[47,29],"rotation":0},{"name":"sidewalk_bottom","pos":[47,30],"rotation":0},{"name":"sidewalk_bottom","pos":[47,31],"rotation":0},{"name":"sidewalk","pos":[48,26],"rotation":0},{"name":"sidewalk_bottom","pos":[48,27],"rotation":0},{"name":"sidewalk_bottom","pos":[48,28],"rotation":0},{"name":"sidewalk_bottom","pos":[48,29],"rotation":0},{"name":"sidewalk_bottom","pos":[48,30],"rotation":0},{"name":"sidewalk_bottom","pos":[48,31],"rotation":0},{"name":"sidewalk","pos":[49,26],"rotation":0},{"name":"sidewalk_bottom","pos":[49,27],"rotation":0},{"name":"sidewalk_bottom","pos":[49,28],"rotation":0},{"name":"sidewalk_bottom","pos":[49,29],"rotation":0},{"name":"sidewalk_bottom","pos":[49,30],"rotation":0},{"name":"sidewalk_bottom","pos":[49,31],"rotation":0},{"name":"sidewalk","pos":[50,26],"rotation":0},{"name":"sidewalk_bottom","pos":[50,27],"rotation":0},{"name":"sidewalk_bottom","pos":[50,28],"rotation":0},{"name":"sidewalk_bottom","pos":[50,29],"rotation":0},{"name":"sidewalk_bottom","pos":[50,30],"rotation":0},{"name":"sidewalk_bottom","pos":[50,31],"rotation":0},{"name":"sidewalk","pos":[51,26],"rotation":0},{"name":"sidewalk_bottom","pos":[51,27],"rotation":0},{"name":"sidewalk_bottom","pos":[51,28],"rotation":0},{"name":"sidewalk_bottom","pos":[51,29],"rotation":0},{"name":"sidewalk_bottom","pos":[51,30],"rotation":0},{"name":"sidewalk_bottom","pos":[51,31],"rotation":0},{"name":"sidewalk","pos":[52,26],"rotation":0},{"name":"sidewalk_bottom","pos":[52,27],"rotation":0},{"name":"sidewalk_bottom","pos":[52,28],"rotation":0},{"name":"sidewalk_bottom","pos":[52,29],"rotation":0},{"name":"sidewalk_bottom","pos":[52,30],"rotation":0},{"name":"sidewalk_bottom","pos":[52,31],"rotation":0},{"name":"sidewalk","pos":[53,26],"rotation":0},{"name":"sidewalk_bottom","pos":[53,27],"rotation":0},{"name":"sidewalk_bottom","pos":[53,28],"rotation":0},{"name":"sidewalk_bottom","pos":[53,29],"rotation":0},{"name":"sidewalk_bottom","pos":[53,30],"rotation":0},{"name":"sidewalk_bottom","pos":[53,31],"rotation":0},{"name":"sidewalk","pos":[54,26],"rotation":0},{"name":"sidewalk_bottom","pos":[54,27],"rotation":0},{"name":"sidewalk_bottom","pos":[54,28],"rotation":0},{"name":"sidewalk_bottom","pos":[54,29],"rotation":0},{"name":"sidewalk_bottom","pos":[54,30],"rotation":0},{"name":"sidewalk_bottom","pos":[54,31],"rotation":0},{"name":"sidewalk","pos":[55,26],"rotation":0},{"name":"sidewalk_bottom","pos":[55,27],"rotation":0},{"name":"sidewalk_bottom","pos":[55,28],"rotation":0},{"name":"sidewalk_bottom","pos":[55,29],"rotation":0},{"name":"sidewalk_bottom","pos":[55,30],"rotation":0},{"name":"sidewalk_bottom","pos":[55,31],"rotation":0},{"name":"sidewalk","pos":[56,26],"rotation":0},{"name":"sidewalk_bottom","pos":[56,27],"rotation":0},{"name":"sidewalk_bottom","pos":[56,28],"rotation":0},{"name":"sidewalk_bottom","pos":[56,29],"rotation":0},{"name":"sidewalk_bottom","pos":[56,30],"rotation":0},{"name":"sidewalk_bottom","pos":[56,31],"rotation":0},{"name":"sidewalk","pos":[57,26],"rotation":0},{"name":"sidewalk_bottom","pos":[57,27],"rotation":0},{"name":"sidewalk_bottom","pos":[57,28],"rotation":0},{"name":"sidewalk_bottom","pos":[57,29],"rotation":0},{"name":"sidewalk_bottom","pos":[57,30],"rotation":0},{"name":"sidewalk_bottom","pos":[57,31],"rotation":0},{"name":"sidewalk","pos":[58,26],"rotation":0},{"name":"sidewalk_bottom","pos":[58,27],"rotation":0},{"name":"sidewalk_bottom","pos":[58,28],"rotation":0},{"name":"sidewalk_bottom","pos":[58,29],"rotation":0},{"name":"sidewalk_bottom","pos":[58,30],"rotation":0},{"name":"sidewalk_bottom","pos":[58,31],"rotation":0},{"name":"sidewalk","pos":[59,26],"rotation":0},{"name":"sidewalk_bottom","pos":[59,27],"rotation":0},{"name":"sidewalk_bottom","pos":[59,28],"rotation":0},{"name":"sidewalk_bottom","pos":[59,29],"rotation":0},{"name":"sidewalk_bottom","pos":[59,30],"rotation":0},{"name":"sidewalk_bottom","pos":[59,31],"rotation":0},{"name":"sidewalk","pos":[60,26],"rotation":0},{"name":"sidewalk_bottom","pos":[60,27],"rotation":0},{"name":"sidewalk_bottom","pos":[60,28],"rotation":0},{"name":"sidewalk_bottom","pos":[60,29],"rotation":0},{"name":"sidewalk_bottom","pos":[60,30],"rotation":0},{"name":"sidewalk_bottom","pos":[60,31],"rotation":0},{"name":"sidewalk","pos":[61,26],"rotation":0},{"name":"sidewalk_bottom","pos":[61,27],"rotation":0},{"name":"sidewalk_bottom","pos":[61,28],"rotation":0},{"name":"sidewalk_bottom","pos":[61,29],"rotation":0},{"name":"sidewalk_bottom","pos":[61,30],"rotation":0},{"name":"sidewalk_bottom","pos":[61,31],"rotation":0},{"name":"sidewalk","pos":[62,26],"rotation":0},{"name":"sidewalk_bottom","pos":[62,27],"rotation":0},{"name":"sidewalk_bottom","pos":[62,28],"rotation":0},{"name":"sidewalk_bottom","pos":[62,29],"rotation":0},{"name":"sidewalk_bottom","pos":[62,30],"rotation":0},{"name":"sidewalk_bottom","pos":[62,31],"rotation":0},{"name":"sidewalk","pos":[63,26],"rotation":0},{"name":"sidewalk_bottom","pos":[63,27],"rotation":0},{"name":"sidewalk_bottom","pos":[63,28],"rotation":0},{"name":"sidewalk_bottom","pos":[63,29],"rotation":0},{"name":"sidewalk_bottom","pos":[63,30],"rotation":0},{"name":"sidewalk_bottom","pos":[63,31],"rotation":0},{"name":"sidewalk","pos":[64,26],"rotation":0},{"name":"sidewalk_bottom","pos":[64,27],"rotation":0},{"name":"sidewalk_bottom","pos":[64,28],"rotation":0},{"name":"sidewalk_bottom","pos":[64,29],"rotation":0},{"name":"sidewalk_bottom","pos":[64,30],"rotation":0},{"name":"sidewalk_bottom","pos":[64,31],"rotation":0},{"name":"sidewalk","pos":[65,26],"rotation":0},{"name":"sidewalk_bottom","pos":[65,27],"rotation":0},{"name":"sidewalk_bottom","pos":[65,28],"rotation":0},{"name":"sidewalk_bottom","pos":[65,29],"rotation":0},{"name":"sidewalk_bottom","pos":[65,30],"rotation":0},{"name":"sidewalk_bottom","pos":[65,31],"rotation":0},{"name":"sidewalk","pos":[66,26],"rotation":0},{"name":"sidewalk_bottom","pos":[66,27],"rotation":0},{"name":"sidewalk_bottom","pos":[66,28],"rotation":0},{"name":"sidewalk_bottom","pos":[66,29],"rotation":0},{"name":"sidewalk_bottom","pos":[66,30],"rotation":0},{"name":"sidewalk_bottom","pos":[66,31],"rotation":0},{"name":"sidewalk","pos":[67,26],"rotation":0},{"name":"sidewalk_bottom","pos":[67,27],"rotation":0},{"name":"sidewalk_bottom","pos":[67,28],"rotation":0},{"name":"sidewalk_bottom","pos":[67,29],"rotation":0},{"name":"sidewalk_bottom","pos":[67,30],"rotation":0},{"name":"sidewalk_bottom","pos":[67,31],"rotation":0},{"name":"sidewalk","pos":[68,26],"rotation":0},{"name":"sidewalk_bottom","pos":[68,27],"rotation":0},{"name":"sidewalk_bottom","pos":[68,28],"rotation":0},{"name":"sidewalk_bottom","pos":[68,29],"rotation":0},{"name":"sidewalk_bottom","pos":[68,30],"rotation":0},{"name":"sidewalk_bottom","pos":[68,31],"rotation":0},{"name":"sidewalk","pos":[69,26],"rotation":0},{"name":"sidewalk_bottom","pos":[69,27],"rotation":0},{"name":"sidewalk_bottom","pos":[69,28],"rotation":0},{"name":"sidewalk_bottom","pos":[69,29],"rotation":0},{"name":"sidewalk_bottom","pos":[69,30],"rotation":0},{"name":"sidewalk_bottom","pos":[69,31],"rotation":0},{"name":"sidewalk","pos":[70,26],"rotation":0},{"name":"sidewalk_bottom","pos":[70,27],"rotation":0},{"name":"sidewalk_bottom","pos":[70,28],"rotation":0},{"name":"sidewalk_bottom","pos":[70,29],"rotation":0},{"name":"sidewalk_bottom","pos":[70,30],"rotation":0},{"name":"sidewalk_bottom","pos":[70,31],"rotation":0},{"name":"sidewalk","pos":[71,26],"rotation":0},{"name":"sidewalk_bottom","pos":[71,27],"rotation":0},{"name":"sidewalk_bottom","pos":[71,28],"rotation":0},{"name":"sidewalk_bottom","pos":[71,29],"rotation":0},{"name":"sidewalk_bottom","pos":[71,30],"rotation":0},{"name":"sidewalk_bottom","pos":[71,31],"rotation":0},{"name":"sidewalk","pos":[72,26],"rotation":0},{"name":"sidewalk_bottom","pos":[72,27],"rotation":0},{"name":"sidewalk_bottom","pos":[72,28],"rotation":0},{"name":"sidewalk_bottom","pos":[72,29],"rotation":0},{"name":"sidewalk_bottom","pos":[72,30],"rotation":0},{"name":"sidewalk_bottom","pos":[72,31],"rotation":0},{"name":"sidewalk","pos":[73,26],"rotation":0},{"name":"sidewalk_bottom","pos":[73,27],"rotation":0},{"name":"sidewalk_bottom","pos":[73,28],"rotation":0},{"name":"sidewalk_bottom","pos":[73,29],"rotation":0},{"name":"sidewalk_bottom","pos":[73,30],"rotation":0},{"name":"sidewalk_bottom","pos":[73,31],"rotation":0},{"name":"sidewalk","pos":[74,26],"rotation":0},{"name":"sidewalk_bottom","pos":[74,27],"rotation":0},{"name":"sidewalk_bottom","pos":[74,28],"rotation":0},{"name":"sidewalk_bottom","pos":[74,29],"rotation":0},{"name":"sidewalk_bottom","pos":[74,30],"rotation":0},{"name":"sidewalk_bottom","pos":[74,31],"rotation":0},{"name":"sidewalk","pos":[75,26],"rotation":0},{"name":"sidewalk_bottom","pos":[75,27],"rotation":0},{"name":"sidewalk_bottom","pos":[75,28],"rotation":0},{"name":"sidewalk_bottom","pos":[75,29],"rotation":0},{"name":"sidewalk_bottom","pos":[75,30],"rotation":0},{"name":"sidewalk_bottom","pos":[75,31],"rotation":0},{"name":"sidewalk","pos":[76,26],"rotation":0},{"name":"sidewalk_bottom","pos":[76,27],"rotation":0},{"name":"sidewalk_bottom","pos":[76,28],"rotation":0},{"name":"sidewalk_bottom","pos":[76,29],"rotation":0},{"name":"sidewalk_bottom","pos":[76,30],"rotation":0},{"name":"sidewalk_bottom","pos":[76,31],"rotation":0},{"name":"sidewalk","pos":[77,26],"rotation":0},{"name":"sidewalk_bottom","pos":[77,27],"rotation":0},{"name":"sidewalk_bottom","pos":[77,28],"rotation":0},{"name":"sidewalk_bottom","pos":[77,29],"rotation":0},{"name":"sidewalk_bottom","pos":[77,30],"rotation":0},{"name":"sidewalk_bottom","pos":[77,31],"rotation":0},{"name":"sidewalk","pos":[78,26],"rotation":0},{"name":"sidewalk_bottom","pos":[78,27],"rotation":0},{"name":"sidewalk_bottom","pos":[78,28],"rotation":0},{"name":"sidewalk_bottom","pos":[78,29],"rotation":0},{"name":"sidewalk_bottom","pos":[78,30],"rotation":0},{"name":"sidewalk_bottom","pos":[78,31],"rotation":0},{"name":"sidewalk","pos":[79,26],"rotation":0},{"name":"sidewalk_bottom","pos":[79,27],"rotation":0},{"name":"sidewalk_bottom","pos":[79,28],"rotation":0},{"name":"sidewalk_bottom","pos":[79,29],"rotation":0},{"name":"sidewalk_bottom","pos":[79,30],"rotation":0},{"name":"sidewalk_bottom","pos":[79,31],"rotation":0},{"name":"sidewalk","pos":[80,26],"rotation":0},{"name":"sidewalk_bottom","pos":[80,27],"rotation":0},{"name":"sidewalk_bottom","pos":[80,28],"rotation":0},{"name":"sidewalk_bottom","pos":[80,29],"rotation":0},{"name":"sidewalk_bottom","pos":[80,30],"rotation":0},{"name":"sidewalk_bottom","pos":[80,31],"rotation":0},{"name":"sidewalk","pos":[81,26],"rotation":0},{"name":"sidewalk_bottom","pos":[81,27],"rotation":0},{"name":"sidewalk_bottom","pos":[81,28],"rotation":0},{"name":"sidewalk_bottom","pos":[81,29],"rotation":0},{"name":"sidewalk_bottom","pos":[81,30],"rotation":0},{"name":"sidewalk_bottom","pos":[81,31],"rotation":0},{"name":"sidewalk","pos":[82,26],"rotation":0},{"name":"sidewalk_bottom","pos":[82,27],"rotation":0},{"name":"sidewalk_bottom","pos":[82,28],"rotation":0},{"name":"sidewalk_bottom","pos":[82,29],"rotation":0},{"name":"sidewalk_bottom","pos":[82,30],"rotation":0},{"name":"sidewalk_bottom","pos":[82,31],"rotation":0},{"name":"sidewalk","pos":[83,26],"rotation":0},{"name":"sidewalk_bottom","pos":[83,27],"rotation":0},{"name":"sidewalk_bottom","pos":[83,28],"rotation":0},{"name":"sidewalk_bottom","pos":[83,29],"rotation":0},{"name":"sidewalk_bottom","pos":[83,30],"rotation":0},{"name":"sidewalk_bottom","pos":[83,31],"rotation":0},{"name":"sidewalk","pos":[84,26],"rotation":0},{"name":"sidewalk_bottom","pos":[84,27],"rotation":0},{"name":"sidewalk_bottom","pos":[84,28],"rotation":0},{"name":"sidewalk_bottom","pos":[84,29],"rotation":0},{"name":"sidewalk_bottom","pos":[84,30],"rotation":0},{"name":"sidewalk_bottom","pos":[84,31],"rotation":0},{"name":"sidewalk","pos":[85,26],"rotation":0},{"name":"sidewalk_bottom","pos":[85,27],"rotation":0},{"name":"sidewalk_bottom","pos":[85,28],"rotation":0},{"name":"sidewalk_bottom","pos":[85,29],"rotation":0},{"name":"sidewalk_bottom","pos":[85,30],"rotation":0},{"name":"sidewalk_bottom","pos":[85,31],"rotation":0},{"name":"sidewalk","pos":[86,26],"rotation":0},{"name":"sidewalk_bottom","pos":[86,27],"rotation":0},{"name":"sidewalk_bottom","pos":[86,28],"rotation":0},{"name":"sidewalk_bottom","pos":[86,29],"rotation":0},{"name":"sidewalk_bottom","pos":[86,30],"rotation":0},{"name":"sidewalk_bottom","pos":[86,31],"rotation":0},{"name":"sidewalk","pos":[87,26],"rotation":0},{"name":"sidewalk_bottom","pos":[87,27],"rotation":0},{"name":"sidewalk_bottom","pos":[87,28],"rotation":0},{"name":"sidewalk_bottom","pos":[87,29],"rotation":0},{"name":"sidewalk_bottom","pos":[87,30],"rotation":0},{"name":"sidewalk_bottom","pos":[87,31],"rotation":0},{"name":"sidewalk","pos":[88,26],"rotation":0},{"name":"sidewalk_bottom","pos":[88,27],"rotation":0},{"name":"sidewalk_bottom","pos":[88,28],"rotation":0},{"name":"sidewalk_bottom","pos":[88,29],"rotation":0},{"name":"sidewalk_bottom","pos":[88,30],"rotation":0},{"name":"sidewalk_bottom","pos":[88,31],"rotation":0},{"name":"sidewalk","pos":[89,26],"rotation":0},{"name":"sidewalk_bottom","pos":[89,27],"rotation":0},{"name":"sidewalk_bottom","pos":[89,28],"rotation":0},{"name":"sidewalk_bottom","pos":[89,29],"rotation":0},{"name":"sidewalk_bottom","pos":[89,30],"rotation":0},{"name":"sidewalk_bottom","pos":[89,31],"rotation":0},{"name":"sidewalk","pos":[90,26],"rotation":0},{"name":"sidewalk_bottom","pos":[90,27],"rotation":0},{"name":"sidewalk_bottom","pos":[90,28],"rotation":0},{"name":"sidewalk_bottom","pos":[90,29],"rotation":0},{"name":"sidewalk_bottom","pos":[90,30],"rotation":0},{"name":"sidewalk_bottom","pos":[90,31],"rotation":0},{"name":"sidewalk","pos":[91,26],"rotation":0},{"name":"sidewalk_bottom","pos":[91,27],"rotation":0},{"name":"sidewalk_bottom","pos":[91,28],"rotation":0},{"name":"sidewalk_bottom","pos":[91,29],"rotation":0},{"name":"sidewalk_bottom","pos":[91,30],"rotation":0},{"name":"sidewalk_bottom","pos":[91,31],"rotation":0},{"name":"sidewalk","pos":[92,26],"rotation":0},{"name":"sidewalk_bottom","pos":[92,27],"rotation":0},{"name":"sidewalk_bottom","pos":[92,28],"rotation":0},{"name":"sidewalk_bottom","pos":[92,29],"rotation":0},{"name":"sidewalk_bottom","pos":[92,30],"rotation":0},{"name":"sidewalk_bottom","pos":[92,31],"rotation":0},{"name":"sidewalk","pos":[93,26],"rotation":0},{"name":"sidewalk_bottom","pos":[93,27],"rotation":0},{"name":"sidewalk_bottom","pos":[93,28],"rotation":0},{"name":"sidewalk_bottom","pos":[93,29],"rotation":0},{"name":"sidewalk_bottom","pos":[93,30],"rotation":0},{"name":"sidewalk_bottom","pos":[93,31],"rotation":0},{"name":"sidewalk","pos":[94,26],"rotation":0},{"name":"sidewalk_bottom","pos":[94,27],"rotation":0},{"name":"sidewalk_bottom","pos":[94,28],"rotation":0},{"name":"sidewalk_bottom","pos":[94,29],"rotation":0},{"name":"sidewalk_bottom","pos":[94,30],"rotation":0},{"name":"sidewalk_bottom","pos":[94,31],"rotation":0},{"name":"sidewalk","pos":[95,26],"rotation":0},{"name":"sidewalk_bottom","pos":[95,27],"rotation":0},{"name":"sidewalk_bottom","pos":[95,28],"rotation":0},{"name":"sidewalk_bottom","pos":[95,29],"rotation":0},{"name":"sidewalk_bottom","pos":[95,30],"rotation":0},{"name":"sidewalk_bottom","pos":[95,31],"rotation":0},{"name":"sidewalk","pos":[96,26],"rotation":0},{"name":"sidewalk_bottom","pos":[96,27],"rotation":0},{"name":"sidewalk_bottom","pos":[96,28],"rotation":0},{"name":"sidewalk_bottom","pos":[96,29],"rotation":0},{"name":"sidewalk_bottom","pos":[96,30],"rotation":0},{"name":"sidewalk_bottom","pos":[96,31],"rotation":0},{"name":"sidewalk","pos":[97,26],"rotation":0},{"name":"sidewalk_bottom","pos":[97,27],"rotation":0},{"name":"sidewalk_bottom","pos":[97,28],"rotation":0},{"name":"sidewalk_bottom","pos":[97,29],"rotation":0},{"name":"sidewalk_bottom","pos":[97,30],"rotation":0},{"name":"sidewalk_bottom","pos":[97,31],"rotation":0},{"name":"sidewalk","pos":[98,26],"rotation":0},{"name":"sidewalk_bottom","pos":[98,27],"rotation":0},{"name":"sidewalk_bottom","pos":[98,28],"rotation":0},{"name":"sidewalk_bottom","pos":[98,29],"rotation":0},{"name":"sidewalk_bottom","pos":[98,30],"rotation":0},{"name":"sidewalk_bottom","pos":[98,31],"rotation":0},{"name":"sidewalk","pos":[99,26],"rotation":0},{"name":"sidewalk_bottom","pos":[99,27],"rotation":0},{"name":"sidewalk_bottom","pos":[99,28],"rotation":0},{"name":"sidewalk_bottom","pos":[99,29],"rotation":0},{"name":"sidewalk_bottom","pos":[99,30],"rotation":0},{"name":"sidewalk_bottom","pos":[99,31],"rotation":0},{"name":"sidewalk","pos":[100,26],"rotation":0},{"name":"sidewalk_bottom","pos":[100,27],"rotation":0},{"name":"sidewalk_bottom","pos":[100,28],"rotation":0},{"name":"sidewalk_bottom","pos":[100,29],"rotation":0},{"name":"sidewalk_bottom","pos":[100,30],"rotation":0},{"name":"sidewalk_bottom","pos":[100,31],"rotation":0},{"name":"sidewalk","pos":[101,26],"rotation":0},{"name":"sidewalk_bottom","pos":[101,27],"rotation":0},{"name":"sidewalk_bottom","pos":[101,28],"rotation":0},{"name":"sidewalk_bottom","pos":[101,29],"rotation":0},{"name":"sidewalk_bottom","pos":[101,30],"rotation":0},{"name":"sidewalk_bottom","pos":[101,31],"rotation":0},{"name":"sidewalk","pos":[102,26],"rotation":0},{"name":"sidewalk_bottom","pos":[102,27],"rotation":0},{"name":"sidewalk_bottom","pos":[102,28],"rotation":0},{"name":"sidewalk_bottom","pos":[102,29],"rotation":0},{"name":"sidewalk_bottom","pos":[102,30],"rotation":0},{"name":"sidewalk_bottom","pos":[102,31],"rotation":0},{"name":"sidewalk","pos":[103,26],"rotation":0},{"name":"sidewalk_bottom","pos":[103,27],"rotation":0},{"name":"sidewalk_bottom","pos":[103,28],"rotation":0},{"name":"sidewalk_bottom","pos":[103,29],"rotation":0},{"name":"sidewalk_bottom","pos":[103,30],"rotation":0},{"name":"sidewalk_bottom","pos":[103,31],"rotation":0},{"name":"sidewalk","pos":[104,26],"rotation":0},{"name":"sidewalk_bottom","pos":[104,27],"rotation":0},{"name":"sidewalk_bottom","pos":[104,28],"rotation":0},{"name":"sidewalk_bottom","pos":[104,29],"rotation":0},{"name":"sidewalk_bottom","pos":[104,30],"rotation":0},{"name":"sidewalk_bottom","pos":[104,31],"rotation":0},{"name":"sidewalk","pos":[105,26],"rotation":0},{"name":"sidewalk_bottom","pos":[105,27],"rotation":0},{"name":"sidewalk_bottom","pos":[105,28],"rotation":0},{"name":"sidewalk_bottom","pos":[105,29],"rotation":0},{"name":"sidewalk_bottom","pos":[105,30],"rotation":0},{"name":"sidewalk_bottom","pos":[105,31],"rotation":0},{"name":"sidewalk","pos":[106,26],"rotation":0},{"name":"sidewalk_bottom","pos":[106,27],"rotation":0},{"name":"sidewalk_bottom","pos":[106,28],"rotation":0},{"name":"sidewalk_bottom","pos":[106,29],"rotation":0},{"name":"sidewalk_bottom","pos":[106,30],"rotation":0},{"name":"sidewalk_bottom","pos":[106,31],"rotation":0},{"name":"sidewalk","pos":[107,26],"rotation":0},{"name":"sidewalk_bottom","pos":[107,27],"rotation":0},{"name":"sidewalk_bottom","pos":[107,28],"rotation":0},{"name":"sidewalk_bottom","pos":[107,29],"rotation":0},{"name":"sidewalk_bottom","pos":[107,30],"rotation":0},{"name":"sidewalk_bottom","pos":[107,31],"rotation":0},{"name":"sidewalk","pos":[108,26],"rotation":0},{"name":"sidewalk_bottom","pos":[108,27],"rotation":0},{"name":"sidewalk_bottom","pos":[108,28],"rotation":0},{"name":"sidewalk_bottom","pos":[108,29],"rotation":0},{"name":"sidewalk_bottom","pos":[108,30],"rotation":0},{"name":"sidewalk_bottom","pos":[108,31],"rotation":0},{"name":"sidewalk","pos":[109,26],"rotation":0},{"name":"sidewalk_bottom","pos":[109,27],"rotation":0},{"name":"sidewalk_bottom","pos":[109,28],"rotation":0},{"name":"sidewalk_bottom","pos":[109,29],"rotation":0},{"name":"sidewalk_bottom","pos":[109,30],"rotation":0},{"name":"sidewalk_bottom","pos":[109,31],"rotation":0},{"name":"sidewalk","pos":[110,26],"rotation":0},{"name":"sidewalk_bottom","pos":[110,27],"rotation":0},{"name":"sidewalk_bottom","pos":[110,28],"rotation":0},{"name":"sidewalk_bottom","pos":[110,29],"rotation":0},{"name":"sidewalk_bottom","pos":[110,30],"rotation":0},{"name":"sidewalk_bottom","pos":[110,31],"rotation":0},{"name":"sidewalk","pos":[111,26],"rotation":0},{"name":"sidewalk_bottom","pos":[111,27],"rotation":0},{"name":"sidewalk_bottom","pos":[111,28],"rotation":0},{"name":"sidewalk_bottom","pos":[111,29],"rotation":0},{"name":"sidewalk_bottom","pos":[111,30],"rotation":0},{"name":"sidewalk_bottom","pos":[111,31],"rotation":0},{"name":"sidewalk","pos":[112,26],"rotation":0},{"name":"sidewalk_bottom","pos":[112,27],"rotation":0},{"name":"sidewalk_bottom","pos":[112,28],"rotation":0},{"name":"sidewalk_bottom","pos":[112,29],"rotation":0},{"name":"sidewalk_bottom","pos":[112,30],"rotation":0},{"name":"sidewalk_bottom","pos":[112,31],"rotation":0},{"name":"sidewalk","pos":[113,26],"rotation":0},{"name":"sidewalk_bottom","pos":[113,27],"rotation":0},{"name":"sidewalk_bottom","pos":[113,28],"rotation":0},{"name":"sidewalk_bottom","pos":[113,29],"rotation":0},{"name":"sidewalk_bottom","pos":[113,30],"rotation":0},{"name":"sidewalk_bottom","pos":[113,31],"rotation":0},{"name":"sidewalk","pos":[114,26],"rotation":0},{"name":"sidewalk_bottom","pos":[114,27],"rotation":0},{"name":"sidewalk_bottom","pos":[114,28],"rotation":0},{"name":"sidewalk_bottom","pos":[114,29],"rotation":0},{"name":"sidewalk_bottom","pos":[114,30],"rotation":0},{"name":"sidewalk_bottom","pos":[114,31],"rotation":0},{"name":"sidewalk","pos":[115,26],"rotation":0},{"name":"sidewalk_bottom","pos":[115,27],"rotation":0},{"name":"sidewalk_bottom","pos":[115,28],"rotation":0},{"name":"sidewalk_bottom","pos":[115,29],"rotation":0},{"name":"sidewalk_bottom","pos":[115,30],"rotation":0},{"name":"sidewalk_bottom","pos":[115,31],"rotation":0},{"name":"sidewalk","pos":[116,26],"rotation":0},{"name":"sidewalk_bottom","pos":[116,27],"rotation":0},{"name":"sidewalk_bottom","pos":[116,28],"rotation":0},{"name":"sidewalk_bottom","pos":[116,29],"rotation":0},{"name":"sidewalk_bottom","pos":[116,30],"rotation":0},{"name":"sidewalk_bottom","pos":[116,31],"rotation":0},{"name":"sidewalk","pos":[117,26],"rotation":0},{"name":"sidewalk_bottom","pos":[117,27],"rotation":0},{"name":"sidewalk_bottom","pos":[117,28],"rotation":0},{"name":"sidewalk_bottom","pos":[117,29],"rotation":0},{"name":"sidewalk_bottom","pos":[117,30],"rotation":0},{"name":"sidewalk_bottom","pos":[117,31],"rotation":0},{"name":"sidewalk","pos":[118,26],"rotation":0},{"name":"sidewalk_bottom","pos":[118,27],"rotation":0},{"name":"sidewalk_bottom","pos":[118,28],"rotation":0},{"name":"sidewalk_bottom","pos":[118,29],"rotation":0},{"name":"sidewalk_bottom","pos":[118,30],"rotation":0},{"name":"sidewalk_bottom","pos":[118,31],"rotation":0},{"name":"sidewalk","pos":[119,26],"rotation":0},{"name":"sidewalk_bottom","pos":[119,27],"rotation":0},{"name":"sidewalk_bottom","pos":[119,28],"rotation":0},{"name":"sidewalk_bottom","pos":[119,29],"rotation":0},{"name":"sidewalk_bottom","pos":[119,30],"rotation":0},{"name":"sidewalk_bottom","pos":[119,31],"rotation":0},{"name":"sidewalk","pos":[120,26],"rotation":0},{"name":"sidewalk_bottom","pos":[120,27],"rotation":0},{"name":"sidewalk_bottom","pos":[120,28],"rotation":0},{"name":"sidewalk_bottom","pos":[120,29],"rotation":0},{"name":"sidewalk_bottom","pos":[120,30],"rotation":0},{"name":"sidewalk_bottom","pos":[120,31],"rotation":0},{"name":"sidewalk","pos":[121,26],"rotation":0},{"name":"sidewalk_bottom","pos":[121,27],"rotation":0},{"name":"sidewalk_bottom","pos":[121,28],"rotation":0},{"name":"sidewalk_bottom","pos":[121,29],"rotation":0},{"name":"sidewalk_bottom","pos":[121,30],"rotation":0},{"name":"sidewalk_bottom","pos":[121,31],"rotation":0},{"name":"sidewalk","pos":[122,26],"rotation":0},{"name":"sidewalk_bottom","pos":[122,27],"rotation":0},{"name":"sidewalk_bottom","pos":[122,28],"rotation":0},{"name":"sidewalk_bottom","pos":[122,29],"rotation":0},{"name":"sidewalk_bottom","pos":[122,30],"rotation":0},{"name":"sidewalk_bottom","pos":[122,31],"rotation":0},{"name":"sidewalk","pos":[123,26],"rotation":0},{"name":"sidewalk_bottom","pos":[123,27],"rotation":0},{"name":"sidewalk_bottom","pos":[123,28],"rotation":0},{"name":"sidewalk_bottom","pos":[123,29],"rotation":0},{"name":"sidewalk_bottom","pos":[123,30],"rotation":0},{"name":"sidewalk_bottom","pos":[123,31],"rotation":0},{"name":"sidewalk","pos":[124,26],"rotation":0},{"name":"sidewalk_bottom","pos":[124,27],"rotation":0},{"name":"sidewalk_bottom","pos":[124,28],"rotation":0},{"name":"sidewalk_bottom","pos":[124,29],"rotation":0},{"name":"sidewalk_bottom","pos":[124,30],"rotation":0},{"name":"sidewalk_bottom","pos":[124,31],"rotation":0},{"name":"sidewalk","pos":[125,26],"rotation":0},{"name":"sidewalk_bottom","pos":[125,27],"rotation":0},{"name":"sidewalk_bottom","pos":[125,28],"rotation":0},{"name":"sidewalk_bottom","pos":[125,29],"rotation":0},{"name":"sidewalk_bottom","pos":[125,30],"rotation":0},{"name":"sidewalk_bottom","pos":[125,31],"rotation":0},{"name":"sidewalk","pos":[126,26],"rotation":0},{"name":"sidewalk_bottom","pos":[126,27],"rotation":0},{"name":"sidewalk_bottom","pos":[126,28],"rotation":0},{"name":"sidewalk_bottom","pos":[126,29],"rotation":0},{"name":"sidewalk_bottom","pos":[126,30],"rotation":0},{"name":"sidewalk_bottom","pos":[126,31],"rotation":0},{"name":"sidewalk","pos":[127,26],"rotation":0},{"name":"sidewalk_bottom","pos":[127,27],"rotation":0},{"name":"sidewalk_bottom","pos":[127,28],"rotation":0},{"name":"sidewalk_bottom","pos":[127,29],"rotation":0},{"name":"sidewalk_bottom","pos":[127,30],"rotation":0},{"name":"sidewalk_bottom","pos":[127,31],"rotation":0}]}