{"palette":[{"name":"cobble","type":"square","texture":"stone.png"}],"level":[{"name":"cobble","pos":[0,0],"rotation":0},{"name":"cobble","pos":[0,1],"rotation":0},{"name":"cobble","pos":[0,2],"rotation":0},{"name":"cobble","pos":[0,3],"rotation":0},{"name":"cobble","pos":[0,4],"rotation":0},{"name":"cobble","pos":[0,5],"rotation":0},{"name":"cobble","pos":[0,6],"rotation":0},{"name":"cobble","pos":[0,7],"rotation":0},{"name":"cobble","pos":[0,8],"rotation":0},{"name":"cobble","pos":[0,9],"rotation":0},{"name":"cobble","pos":[0,10],"rotation":0},{"name":"cobble","pos":[0,11],"rotation":0},{"name":"cobble","pos":[0,12],"rotation":0},{"name":"cobble","pos":[0,13],"rotation":0},{"name":"cobble","pos":[0,14],"rotation":0},{"name":"cobble","pos":[0,15],"rotation":0},{"name":"cobble","pos":[0,16],"rotation":0},{"name":"cobble","pos":[0,17],"rotation":0},{"name":"cobble","pos":[0,18],"rotation":0},{"name":"cobble","pos":[0,19],"rotation":0},{"name":"cobble","pos":[0,20],"rotation":0},{"name":"cobble","pos":[0,21],"rotation":0},{"name":"cobble","pos":[0,22],"rotation":0},{"name":"cobble","pos":[0,23],"rotation":0},{"name":"cobble","pos":[0,24],"rotation":0},{"name":"cobble","pos":[0,25],"rotation":0},{"name":"cobble","pos":[0,26],"rotation":0},{"name":"cobble","pos":[0,27],"rotation":0},{"name":"cobble","pos":[0,28],"rotation":0},{"name":"cobble","pos":[0,29],"rotation":0},{"name":"cobble","pos":[0,30],"rotation":0},{"name":"cobble","pos":[0,31],"rotation":0},{"name":"cobble","pos":[1,0],"rotation":0},{"name":"cobble","pos":[1,31],"rotation":0},{"name":"cobble","pos":[2,0],"rotation":0},{"name":"cobble","pos":[2,31],"rotation":0},{"name":"cobble","pos":[3,0],"rotation":0},{"name":"cobble","pos":[3,9],"rotation":0},{"name":"cobble","pos":[3,16],"rotation":0},{"name":"cobble","pos":[3,24],"rotation":0},{"name":"cobble","pos":[3,31],"rotation":0},{"name":"cobble","pos":[4,0],"rotation":0},{"name":"cobble","pos":[4,9],"rotation":0},{"name":"cobble","pos":[4,16],"rotation":0},{"name":"cobble","pos":[4,24],"rotation":0},{"name":"cobble","pos":[4,31],"rotation":0},{"name":"cobble","pos":[5,0],"rotation":0},{"name":"cobble","pos":[5,9],"rotation":0},{"name":"cobble","pos":[5,16],"rotation":0},{"name":"cobble","pos":[5,24],"rotation":0},{"name":"cobble","pos":[5,31],"rotation":0},{"name":"cobble","pos":[6,0],"rotation":0},{"name":"cobble","pos":[6,9],"rotation":0},{"name":"cobble","pos":[6,16],"rotation":0},{"name":"cobble","pos":[6,24],"rotation":0},{"name":"cobble","pos":[6,31],"rotation":0},{"name":"cobble","pos":[7,0],"rotation":0},{"name":"cobble","pos":[7,9],"rotation":0},{"name":"cobble","pos":[7,24],"rotation":0},{"name":"cobble","pos":[7,31],"rotation":0},{"name":"cobble","pos":[8,0],"rotation":0},{"name":"cobble","pos":[8,5],"rotation":0},{"name":"cobble","pos":[8,31],"rotation":0},{"name":"cobble","pos":[9,0],"rotation":0},{"name":"cobble","pos":[9,5],"rotation":0},{"name":"cobble","pos":[9,28],"rotation":0},{"name":"cobble","pos":[9,31],"rotation":0},{"name":"cobble","pos":[10,0],"rotation":0},{"name":"cobble","pos":[10,5],"rotation":0},{"name":"cobble","pos":[10,13],"rotation":0},{"name":"cobble","pos":[10,19],"rotation":0},{"name":"cobble","pos":[10,28],"rotation":0},{"name":"cobble","pos":[10,31],"rotation":0},{"name":"cobble","pos":[11,0],"rotation":0},{"name":"cobble","pos":[11,13],"rotation":0},{"name":"cobble","pos":[11,19],"rotation":0},{"name":"cobble","pos":[11,28],"rotation":0},{"name":"cobble","pos":[11,31],"rotation":0},{"name":"cobble","pos":[12,0],"rotation":0},{"name":"cobble","pos":[12,31],"rotation":0},{"name":"cobble","pos":[13,0],"rotation":0},{"name":"cobble","pos":[13,9],"rotation":0},{"name":"cobble","pos":[13,31],"rotation":0},{"name":"cobble","pos":[14,0],"rotation":0},{"name":"cobble","pos":[14,9],"rotation":0},{"name":"cobble","pos":[14,31],"rotation":0},{"name":"cobble","pos":[15,0],"rotation":0},{"name":"cobble","pos":[15,9],"rotation":0},{"name":"cobble","pos":[15,16],"rotation":0},{"name":"cobble","pos":[15,28],"rotation":0},{"name":"cobble","pos":[15,31],"rotation":0},{"name":"cobble","pos":[16,0],"rotation":0},{"name":"cobble","pos":[16,9],"rotation":0},{"name":"cobble","pos":[16,16],"rotation":0},{"name":"cobble","pos":[16,28],"rotation":0},{"name":"cobble","pos":[16,31],"rotation":0},{"name":"cobble","pos":[17,0],"rotation":0},{"name":"cobble","pos":[17,9],"rotation":0},{"name":"cobble","pos":[17,16],"rotation":0},{"name":"cobble","pos":[17,28],"rotation":0},{"name":"cobble","pos":[17,31],"rotation":0},{"name":"cobble","pos":[18,0],"rotation":0},{"name":"cobble","pos":[18,16],"rotation":0},{"name":"cobble","pos":[18,28],"rotation":0},{"name":"cobble","pos":[18,31],"rotation":0},{"name":"cobble","pos":[19,0],"rotation":0},{"name":"cobble","pos":[19,31],"rotation":0},{"name":"cobble","pos":[20,0],"rotation":0},{"name":"cobble","pos":[20,31],"rotation":0},{"name":"cobble","pos":[21,0],"rotation":0},{"name":"cobble","pos":[21,5],"rotation":0},{"name":"cobble","pos":[21,12],"rotation":0},{"name":"cobble","pos":[21,31],"rotation":0},{"name":"cobble","pos":[22,0],"rotation":0},{"name":"cobble","pos":[22,5],"rotation":0},{"name":"cobble","pos":[22,12],"rotation":0},{"name":"cobble","pos":[22,20],"rotation":0},{"name":"cobble","pos":[22,31],"rotation":0},{"name":"cobble","pos":[23,0],"rotation":0},{"name":"cobble","pos":[23,5],"rotation":0},{"name":"cobble","pos":[23,20],"rotation":0},{"name":"cobble","pos":[23,28],"rotation":0},{"name":"cobble","pos":[23,31],"rotation":0},{"name":"cobble","pos":[24,0],"rotation":0},{"name":"cobble","pos":[24,20],"rotation":0},{"name":"cobble","pos":[24,28],"rotation":0},{"name":"cobble","pos":[24,31],"rotation":0},{"name":"cobble","pos":[25,0],"rotation":0},{"name":"cobble","pos":[25,20],"rotation":0},{"name":"cobble","pos":[25,28],"rotation":0},{"name":"cobble","pos":[25,31],"rotation":0},{"name":"cobble","pos":[26,0],"rotation":0},{"name":"cobble","pos":[26,20],"rotation":0},{"name":"cobble","pos":[26,31],"rotation":0},{"name":"cobble","pos":[27,0],"rotation":0},{"name":"cobble","pos":[27,5],"rotation":0},{"name":"cobble","pos":[27,10],"rotation":0},{"name":"cobble","pos":[27,31],"rotation":0},{"name":"cobble","pos":[28,0],"rotation":0},{"name":"cobble","pos":[28,5],"rotation":0},{"name":"cobble","pos":[28,10],"rotation":0},{"name":"cobble","pos":[28,31],"rotation":0},{"name":"cobble","pos":[29,0],"rotation":0},{"name":"cobble","pos":[29,5],"rotation":0},{"name":"cobble","pos":[29,10],"rotation":0},{"name":"cobble","pos":[29,16],"rotation":0},{"name":"cobble","pos":[29,25],"rotation":0},{"name":"cobble","pos":[29,31],"rotation":0},{"name":"cobble","pos":[30,0],"rotation":0},{"name":"cobble","pos":[30,5],"rotation":0},{"name":"cobble","pos":[30,10],"rotation":0},{"name":"cobble","pos":[30,16],"rotation":0},{"name":"cobble","pos":[30,25],"rotation":0},{"name":"cobble","pos":[30,31],"rotation":0},{"name":"cobble","pos":[31,0],"rotation":0},{"name":"cobble","pos":[31,16],"rotation":0},{"name":"cobble","pos":[31,25],"rotation":0},{"name":"cobble","pos":[31,31],"rotation":0},{"name":"cobble","pos":[32,0],"rotation":0},{"name":"cobble","pos":[32,16],"rotation":0},{"name":"cobble","pos":[32,25],"rotation":0},{"name":"cobble","pos":[32,31],"rotation":0},{"name":"cobble","pos":[33,0],"rotation":0},{"name":"cobble","pos":[33,7],"rotation":0},{"name":"cobble","pos":[33,16],"rotation":0},{"name":"cobble","pos":[33,31],"rotation":0},{"name":"cobble","pos":[34,0],"rotation":0},{"name":"cobble","pos":[34,7],"rotation":0},{"name":"cobble","pos":[34,13],"rotation":0},{"name":"cobble","pos":[34,31],"rotation":0},{"name":"cobble","pos":[35,0],"rotation":0},{"name":"cobble","pos":[35,7],"rotation":0},{"name":"cobble","pos":[35,13],"rotation":0},{"name":"cobble","pos":[35,21],"rotation":0},{"name":"cobble","pos":[35,31],"rotation":0},{"name":"cobble","pos":[36,0],"rotation":0},{"name":"cobble","pos":[36,7],"rotation":0},{"name":"cobble","pos":[36,13],"rotation":0},{"name":"cobble","pos":[36,21],"rotation":0},{"name":"cobble","pos":[36,27],"rotation":0},{"name":"cobble","pos":[36,31],"rotation":0},{"name":"cobble","pos":[37,0],"rotation":0},{"name":"cobble","pos":[37,3],"rotation":0},{"name":"cobble","pos":[37,13],"rotation":0},{"name":"cobble","pos":[37,21],"rotation":0},{"name":"cobble","pos":[37,27],"rotation":0},{"name":"cobble","pos":[37,31],"rotation":0},{"name":"cobble","pos":[38,0],"rotation":0},{"name":"cobble","pos":[38,3],"rotation":0},{"name":"cobble","pos":[38,13],"rotation":0},{"name":"cobble","pos":[38,21],"rotation":0},{"name":"cobble","pos":[38,27],"rotation":0},{"name":"cobble","pos":[38,31],"rotation":0},{"name":"cobble","pos":[39,0],"rotation":0},{"name":"cobble","pos":[39,3],"rotation":0},{"name":"cobble","pos":[39,31],"rotation":0},{"name":"cobble","pos":[40,0],"rotation":0},{"name":"cobble","pos":[40,7],"rotation":0},{"name":"cobble","pos":[40,31],"rotation":0},{"name":"cobble","pos":[41,0],"rotation":0},{"name":"cobble","pos":[41,7],"rotation":0},{"name":"cobble","pos":[41,16],"rotation":0},{"name":"cobble","pos":[41,31],"rotation":0},{"name":"cobble","pos":[42,0],"rotation":0},{"name":"cobble","pos":[42,16],"rotation":0},{"name":"cobble","pos":[42,24],"rotation":0},{"name":"cobble","pos":[42,31],"rotation":0},{"name":"cobble","pos":[43,0],"rotation":0},{"name":"cobble","pos":[43,16],"rotation":0},{"name":"cobble","pos":[43,24],"rotation":0},{"name":"cobble","pos":[43,31],"rotation":0},{"name":"cobble","pos":[44,0],"rotation":0},{"name":"cobble","pos":[44,4],"rotation":0},{"name":"cobble","pos":[44,10],"rotation":0},{"name":"cobble","pos":[44,24],"rotation":0},{"name":"cobble","pos":[44,31],"rotation":0},{"name":"cobble","pos":[45,0],"rotation":0},{"name":"cobble","pos":[45,4],"rotation":0},{"name":"cobble","pos":[45,10],"rotation":0},{"name":"cobble","pos":[45,24],"rotation":0},{"name":"cobble","pos":[45,31],"rotation":0},{"name":"cobble","pos":[46,0],"rotation":0},{"name":"cobble","pos":[46,4],"rotation":0},{"name":"cobble","pos":[46,24],"rotation":0},{"name":"cobble","pos":[46,31],"rotation":0},{"name":"cobble","pos":[47,0],"rotation":0},{"name":"cobble","pos":[47,14],"rotation":0},{"name":"cobble","pos":[47,31],"rotation":0},{"name":"cobble","pos":[48,0],"rotation":0},{"name":"cobble","pos":[48,7],"rotation":0},{"name":"cobble","pos":[48,14],"rotation":0},{"name":"cobble","pos":[48,31],"rotation":0},{"name":"cobble","pos":[49,0],"rotation":0},{"name":"cobble","pos":[49,7],"rotation":0},{"name":"cobble","pos":[49,14],"rotation":0},{"name":"cobble","pos":[49,31],"rotation":0},{"name":"cobble","pos":[50,0],"rotation":0},{"name":"cobble","pos":[50,14],"rotation":0},{"name":"cobble","pos":[50,19],"rotation":0},{"name":"cobble","pos":[50,31],"rotation":0},{"name":"cobble","pos":[51,0],"rotation":0},{"name":"cobble","pos":[51,19],"rotation":0},{"name":"cobble","pos":[51,31],"rotation":0},{"name":"cobble","pos":[52,0],"rotation":0},{"name":"cobble","pos":[52,19],"rotation":0},{"name":"cobble","pos":[52,28],"rotation":0},{"name":"cobble","pos":[52,31],"rotation":0},{"name":"cobble","pos":[53,0],"rotation":0},{"name":"cobble","pos":[53,5],"rotation":0},{"name":"cobble","pos":[53,11],"rotation":0},{"name":"cobble","pos":[53,19],"rotation":0},{"name":"cobble","pos":[53,28],"rotation":0},{"name":"cobble","pos":[53,31],"rotation":0},{"name":"cobble","pos":[54,0],"rotation":0},{"name":"cobble","pos":[54,5],"rotation":0},{"name":"cobble","pos":[54,11],"rotation":0},{"name":"cobble","pos":[54,28],"rotation":0},{"name":"cobble","pos":[54,31],"rotation":0},{"name":"cobble","pos":[55,0],"rotation":0},{"name":"cobble","pos":[55,5],"rotation":0},{"name":"cobble","pos":[55,11],"rotation":0},{"name":"cobble","pos":[55,28],"rotation":0},{"name":"cobble","pos":[55,31],"rotation":0},{"name":"cobble","pos":[56,0],"rotation":0},{"name":"cobble","pos":[56,23],"rotation":0},{"name":"cobble","pos":[56,28],"rotation":0},{"name":"cobble","pos":[56,31],"rotation":0},{"name":"cobble","pos":[57,0],"rotation":0},{"name":"cobble","pos":[57,23],"rotation":0},{"name":"cobble","pos":[57,28],"rotation":0},{"name":"cobble","pos":[57,31],"rotation":0},{"name":"cobble","pos":[58,0],"rotation":0},{"name":"cobble","pos":[58,9],"rotation":0},{"name":"cobble","pos":[58,16],"rotation":0},{"name":"cobble","pos":[58,23],"rotation":0},{"name":"cobble","pos":[58,31],"rotation":0},{"name":"cobble","pos":[59,0],"rotation":0},{"name":"cobble","pos":[59,9],"rotation":0},{"name":"cobble","pos":[59,16],"rotation":0},{"name":"cobble","pos":[59,23],"rotation":0},{"name":"cobble","pos":[59,31],"rotation":0},{"name":"cobble","pos":[60,0],"rotation":0},{"name":"cobble","pos":[60,9],"rotation":0},{"name":"cobble","pos":[60,31],"rotation":0},{"name":"cobble","pos":[61,0],"rotation":0},{"name":"cobble","pos":[61,31],"rotation":0},{"name":"cobble","pos":[62,0],"rotation":0},{"name":"cobble","pos":[62,31],"rotation":0},{"name":"cobble","pos":[63,0],"rotation":0},{"name":"cobble","pos":[63,1],"rotation":0},{"name":"cobble","pos":[63,2],"rotation":0},{"name":"cobble","pos":[63,3],"rotation":0},{"name":"cobble","pos":[63,4],"rotation":0},{"name":"cobble","pos":[63,5],"rotation":0},{"name":"cobble","pos":[63,6],"rotation":0},{"name":"cobble","pos":[63,7],"rotation":0},{"name":"cobble","pos":[63,8],"rotation":0},{"name":"cobble","pos":[63,9],"rotation":0},{"name":"cobble","pos":[63,10],"rotation":0},{"name":"cobble","pos":[63,11],"rotation":0},{"name":"cobble","pos":[63,12],"rotation":0},{"name":"cobble","pos":[63,13],"rotation":0},{"name":"cobble","pos":[63,14],"rotation":0},{"name":"cobble","pos":[63,15],"rotation":0},{"name":"cobble","pos":[63,16],"rotation":0},{"name":"cobble","pos":[63,17],"rotation":0},{"name":"cobble","pos":[63,18],"rotation":0},{"name":"cobble","pos":[63,19],"rotation":0},{"name":"cobble","pos":[63,20],"rotation":0},{"name":"cobble","pos":[63,21],"rotation":0},{"name":"cobble","pos":[63,22],"rotation":0},{"name":"cobble","pos":[63,23],"rotation":0},{"name":"cobble","pos":[63,24],"rotation":0},{"name":"cobble","pos":[63,25],"rotation":0},{"name":"cobble","pos":[63,26],"rotation":0},{"name":"cobble","pos":[63,27],"rotation":0},{"name":"cobble","pos":[63,28],"rotation":0},{"name":"cobble","pos":[63,29],"rotation":0},{"name":"cobble","pos":[63,30],"rotation":0},{"name":"cobble","pos":[63,31],"rotation":0}]}