{"palette":[{"name":"cobble","type":"square","texture":"stone.png"}],"level":[{"name":"cobble","pos":[0,0],"rotation":0},{"name":"cobble","pos":[0,1],"rotation":0},{"name":"cobble","pos":[0,2],"rotation":0},{"name":"cobble","pos":[0,3],"rotation":0},{"name":"cobble","pos":[0,4],"rotation":0},{"name":"cobble","pos":[0,5],"rotation":0},{"name":"cobble","pos":[0,6],"rotation":0},{"name":"cobble","pos":[0,7],"rotation":0},{"name":"cobble","pos":[0,8],"rotation":0},{"name":"cobble","pos":[0,9],"rotation":0},{"name":"cobble","pos":[0,10],"rotation":0},{"name":"cobble","pos":[0,11],"rotation":0},{"name":"cobble","pos":[0,12],"rotation":0},{"name":"cobble","pos":[0,13],"rotation":0},{"name":"cobble","pos":[0,14],"rotation":0},{"name":"cobble","pos":[0,15],"rotation":0},{"name":"cobble","pos":[0,16],"rotation":0},{"name":"cobble","pos":[0,17],"rotation":0},{"name":"cobble","pos":[0,18],"rotation":0},{"name":"cobble","pos":[0,19],"rotation":0},{"name":"cobble","pos":[0,20],"rotation":0},{"name":"cobble","pos":[0,21],"rotation":0},{"name":"cobble","pos":[0,22],"rotation":0},{"name":"cobble","pos":[0,23],"rotation":0},{"name":"cobble","pos":[0,24],"rotation":0},{"name":"cobble","pos":[0,25],"rotation":0},{"name":"cobble","pos":[0,26],"rotation":0},{"name":"cobble","pos":[0,27],"rotation":0},{"name":"cobble","pos":[0,28],"rotation":0},{"name":"cobble","pos":[0,29],"rotation":0},{"name":"cobble","pos":[0,30],"rotation":0},{"name":"cobble","pos":[1,0],"rotation":0},{"name":"cobble","pos":[1,2],"rotation":0},{"name":"cobble","pos":[1,4],"rotation":0},{"name":"cobble","pos":[1,8],"rotation":0},{"name":"cobble","pos":[1,10],"rotation":0},{"name":"cobble","pos":[1,14],"rotation":0},{"name":"cobble","pos":[1,16],"rotation":0},{"name":"cobble","pos":[1,20],"rotation":0},{"name":"cobble","pos":[1,22],"rotation":0},{"name":"cobble","pos":[1,28],"rotation":0},{"name":"cobble","pos":[1,30],"rotation":0},{"name":"cobble","pos":[2,0],"rotation":0},{"name":"cobble","pos":[2,2],"rotation":0},{"name":"cobble","pos":[2,4],"rotation":0},{"name":"cobble","pos":[2,5],"rotation":0},{"name":"cobble","pos":[2,6],"rotation":0},{"name":"cobble","pos":[2,8],"rotation":0},{"name":"cobble","pos":[2,10],"rotation":0},{"name":"cobble","pos":[2,12],"rotation":0},{"name":"cobble","pos":[2,13],"rotation":0},{"name":"cobble","pos":[2,14],"rotation":0},{"name":"cobble","pos":[2,16],"rotation":0},{"name":"cobble","pos":[2,18],"rotation":0},{"name":"cobble","pos":[2,19],"rotation":0},{"name":"cobble","pos":[2,20],"rotation":0},{"name":"cobble","pos":[2,22],"rotation":0},{"name":"cobble","pos":[2,23],"rotation":0},{"name":"cobble","pos":[2,24],"rotation":0},{"name":"cobble","pos":[2,26],"rotation":0},{"name":"cobble","pos":[2,28],"rotation":0},{"name":"cobble","pos":[2,30],"rotation":0},{"name":"cobble","pos":[3,0],"rotation":0},{"name":"cobble","pos":[3,6],"rotation":0},{"name":"cobble","pos":[3,8],"rotation":0},{"name":"cobble","pos":[3,10],"rotation":0},{"name":"cobble","pos":[3,16],"rotation":0},{"name":"cobble","pos":[3,24],"rotation":0},{"name":"cobble","pos":[3,26],"rotation":0},{"name":"cobble","pos":[3,30],"rotation":0},{"name":"cobble","pos":[4,0],"rotation":0},{"name":"cobble","pos":[4,1],"rotation":0},{"name":"cobble","pos":[4,2],"rotation":0},{"name":"cobble","pos":[4,3],"rotation":0},{"name":"cobble","pos":[4,4],"rotation":0},{"name":"cobble","pos":[4,6],"rotation":0},{"name":"cobble","pos":[4,8],"rotation":0},{"name":"cobble","pos":[4,10],"rotation":0},{"name":"cobble","pos":[4,11],"rotation":0},{"name":"cobble","pos":[4,12],"rotation":0},{"name":"cobble","pos":[4,13],"rotation":0},{"name":"cobble","pos":[4,14],"rotation":0},{"name":"cobble","pos":[4,16],"rotation":0},{"name":"cobble","pos":[4,18],"rotation":0},{"name":"cobble","pos":[4,20],"rotation":0},{"name":"cobble","pos":[4,21],"rotation":0},{"name":"cobble","pos":[4,22],"rotation":0},{"name":"cobble","pos":[4,24],"rotation":0},{"name":"cobble","pos":[4,25],"rotation":0},{"name":"cobble","pos":[4,26],"rotation":0},{"name":"cobble","pos":[4,28],"rotation":0},{"name":"cobble","pos":[4,29],"rotation":0},{"name":"cobble","pos":[4,30],"rotation":0},{"name":"cobble","pos":[5,0],"rotation":0},{"name":"cobble","pos":[5,2],"rotation":0},{"name":"cobble","pos":[5,18],"rotation":0},{"name":"cobble","pos":[5,22],"rotation":0},{"name":"cobble","pos":[5,30],"rotation":0},{"name":"cobble","pos":[6,0],"rotation":0},{"name":"cobble","pos":[6,2],"rotation":0},{"name":"cobble","pos":[6,4],"rotation":0},{"name":"cobble","pos":[6,5],"rotation":0},{"name":"cobble","pos":[6,6],"rotation":0},{"name":"cobble","pos":[6,7],"rotation":0},{"name":"cobble","pos":[6,8],"rotation":0},{"name":"cobble","pos":[6,10],"rotation":0},{"name":"cobble","pos":[6,12],"rotation":0},{"name":"cobble","pos":[6,13],"rotation":0},{"name":"cobble","pos":[6,14],"rotation":0},{"name":"cobble","pos":[6,15],"rotation":0},{"name":"cobble","pos":[6,16],"rotation":0},{"name":"cobble","pos":[6,17],"rotation":0},{"name":"cobble","pos":[6,18],"rotation":0},{"name":"cobble","pos":[6,19],"rotation":0},{"name":"cobble","pos":[6,20],"rotation":0},{"name":"cobble","pos":[6,22],"rotation":0},{"name":"cobble","pos":[6,23],"rotation":0},{"name":"cobble","pos":[6,24],"rotation":0},{"name":"cobble","pos":[6,26],"rotation":0},{"name":"cobble","pos":[6,27],"rotation":0},{"name":"cobble","pos":[6,28],"rotation":0},{"name":"cobble","pos":[6,30],"rotation":0},{"name":"cobble","pos":[7,0],"rotation":0},{"name":"cobble","pos":[7,4],"rotation":0},{"name":"cobble","pos":[7,10],"rotation":0},{"name":"cobble","pos":[7,12],"rotation":0},{"name":"cobble","pos":[7,18],"rotation":0},{"name":"cobble","pos":[7,24],"rotation":0},{"name":"cobble","pos":[7,26],"rotation":0},{"name":"cobble","pos":[7,28],"rotation":0},{"name":"cobble","pos":[7,30],"rotation":0},{"name":"cobble","pos":[8,0],"rotation":0},{"name":"cobble","pos":[8,1],"rotation":0},{"name":"cobble","pos":[8,2],"rotation":0},{"name":"cobble","pos":[8,4],"rotation":0},{"name":"cobble","pos":[8,5],"rotation":0},{"name":"cobble","pos":[8,6],"rotation":0},{"name":"cobble","pos":[8,8],"rotation":0},{"name":"cobble","pos":[8,9],"rotation":0},{"name":"cobble","pos":[8,10],"rotation":0},{"name":"cobble","pos":[8,12],"rotation":0},{"name":"cobble","pos":[8,14],"rotation":0},{"name":"cobble","pos":[8,16],"rotation":0},{"name":"cobble","pos":[8,18],"rotation":0},{"name":"cobble","pos":[8,20],"rotation":0},{"name":"cobble","pos":[8,22],"rotation":0},{"name":"cobble","pos":[8,23],"rotation":0},{"name":"cobble","pos":[8,24],"rotation":0},{"name":"cobble","pos":[8,26],"rotation":0},{"name":"cobble","pos":[8,28],"rotation":0},{"name":"cobble","pos":[8,29],"rotation":0},{"name":"cobble","pos":[8,30],"rotation":0},{"name":"cobble","pos":[9,0],"rotation":0},{"name":"cobble","pos":[9,4],"rotation":0},{"name":"cobble","pos":[9,6],"rotation":0},{"name":"cobble","pos":[9,8],"rotation":0},{"name":"cobble","pos":[9,10],"rotation":0},{"name":"cobble","pos":[9,14],"rotation":0},{"name":"cobble","pos":[9,16],"rotation":0},{"name":"cobble","pos":[9,20],"rotation":0},{"name":"cobble","pos":[9,30],"rotation":0},{"name":"cobble","pos":[10,0],"rotation":0},{"name":"cobble","pos":[10,2],"rotation":0},{"name":"cobble","pos":[10,3],"rotation":0},{"name":"cobble","pos":[10,4],"rotation":0},{"name":"cobble","pos":[10,6],"rotation":0},{"name":"cobble","pos":[10,8],"rotation":0},{"name":"cobble","pos":[10,10],"rotation":0},{"name":"cobble","pos":[10,11],"rotation":0},{"name":"cobble","pos":[10,12],"rotation":0},{"name":"cobble","pos":[10,13],"rotation":0},{"name":"cobble","pos":[10,14],"rotation":0},{"name":"cobble","pos":[10,16],"rotation":0},{"name":"cobble","pos":[10,17],"rotation":0},{"name":"cobble","pos":[10,18],"rotation":0},{"name":"cobble","pos":[10,20],"rotation":0},{"name":"cobble","pos":[10,21],"rotation":0},{"name":"cobble","pos":[10,22],"rotation":0},{"name":"cobble","pos":[10,24],"rotation":0},{"name":"cobble","pos":[10,25],"rotation":0},{"name":"cobble","pos":[10,26],"rotation":0},{"name":"cobble","pos":[10,28],"rotation":0},{"name":"cobble","pos":[10,29],"rotation":0},{"name":"cobble","pos":[10,30],"rotation":0},{"name":"cobble","pos":[11,0],"rotation":0},{"name":"cobble","pos":[11,8],"rotation":0},{"name":"cobble","pos":[11,12],"rotation":0},{"name":"cobble","pos":[11,16],"rotation":0},{"name":"cobble","pos":[11,20],"rotation":0},{"name":"cobble","pos":[11,24],"rotation":0},{"name":"cobble","pos":[11,28],"rotation":0},{"name":"cobble","pos":[11,30],"rotation":0},{"name":"cobble","pos":[12,0],"rotation":0},{"name":"cobble","pos":[12,1],"rotation":0},{"name":"cobble","pos":[12,2],"rotation":0},{"name":"cobble","pos":[12,3],"rotation":0},{"name":"cobble","pos":[12,4],"rotation":0},{"name":"cobble","pos":[12,6],"rotation":0},{"name":"cobble","pos":[12,7],"rotation":0},{"name":"cobble","pos":[12,8],"rotation":0},{"name":"cobble","pos":[12,9],"rotation":0},{"name":"cobble","pos":[12,10],"rotation":0},{"name":"cobble","pos":[12,12],"rotation":0},{"name":"cobble","pos":[12,14],"rotation":0},{"name":"cobble","pos":[12,15],"rotation":0},{"name":"cobble","pos":[12,16],"rotation":0},{"name":"cobble","pos":[12,18],"rotation":0},{"name":"cobble","pos":[12,19],"rotation":0},{"name":"cobble","pos":[12,20],"rotation":0},{"name":"cobble","pos":[12,22],"rotation":0},{"name":"cobble","pos":[12,23],"rotation":0},{"name":"cobble","pos":[12,24],"rotation":0},{"name":"cobble","pos":[12,26],"rotation":0},{"name":"cobble","pos":[12,27],"rotation":0},{"name":"cobble","pos":[12,28],"rotation":0},{"name":"cobble","pos":[12,30],"rotation":0},{"name":"cobble","pos":[13,0],"rotation":0},{"name":"cobble","pos":[13,4],"rotation":0},{"name":"cobble","pos":[13,8],"rotation":0},{"name":"cobble","pos":[13,10],"rotation":0},{"name":"cobble","pos":[13,12],"rotation":0},{"name":"cobble","pos":[13,16],"rotation":0},{"name":"cobble","pos":[13,20],"rotation":0},{"name":"cobble","pos":[13,22],"rotation":0},{"name":"cobble","pos":[13,30],"rotation":0},{"name":"cobble","pos":[14,0],"rotation":0},{"name":"cobble","pos":[14,1],"rotation":0},{"name":"cobble","pos":[14,2],"rotation":0},{"name":"cobble","pos":[14,6],"rotation":0},{"name":"cobble","pos":[14,7],"rotation":0},{"name":"cobble","pos":[14,8],"rotation":0},{"name":"cobble","pos":[14,10],"rotation":0},{"name":"cobble","pos":[14,12],"rotation":0},{"name":"cobble","pos":[14,14],"rotation":0},{"name":"cobble","pos":[14,15],"rotation":0},{"name":"cobble","pos":[14,16],"rotation":0},{"name":"cobble","pos":[14,17],"rotation":0},{"name":"cobble","pos":[14,18],"rotation":0},{"name":"cobble","pos":[14,20],"rotation":0},{"name":"cobble","pos":[14,22],"rotation":0},{"name":"cobble","pos":[14,24],"rotation":0},{"name":"cobble","pos":[14,26],"rotation":0},{"name":"cobble","pos":[14,27],"rotation":0},{"name":"cobble","pos":[14,28],"rotation":0},{"name":"cobble","pos":[14,29],"rotation":0},{"name":"cobble","pos":[14,30],"rotation":0},{"name":"cobble","pos":[15,0],"rotation":0},{"name":"cobble","pos":[15,4],"rotation":0},{"name":"cobble","pos":[15,8],"rotation":0},{"name":"cobble","pos":[15,14],"rotation":0},{"name":"cobble","pos":[15,18],"rotation":0},{"name":"cobble","pos":[15,24],"rotation":0},{"name":"cobble","pos":[15,30],"rotation":0},{"name":"cobble","pos":[16,0],"rotation":0},{"name":"cobble","pos":[16,1],"rotation":0},{"name":"cobble","pos":[16,2],"rotation":0},{"name":"cobble","pos":[16,3],"rotation":0},{"name":"cobble","pos":[16,4],"rotation":0},{"name":"cobble","pos":[16,6],"rotation":0},{"name":"cobble","pos":[16,8],"rotation":0},{"name":"cobble","pos":[16,10],"rotation":0},{"name":"cobble","pos":[16,11],"rotation":0},{"name":"cobble","pos":[16,12],"rotation":0},{"name":"cobble","pos":[16,14],"rotation":0},{"name":"cobble","pos":[16,16],"rotation":0},{"name":"cobble","pos":[16,17],"rotation":0},{"name":"cobble","pos":[16,18],"rotation":0},{"name":"cobble","pos":[16,20],"rotation":0},{"name":"cobble","pos":[16,22],"rotation":0},{"name":"cobble","pos":[16,24],"rotation":0},{"name":"cobble","pos":[16,26],"rotation":0},{"name":"cobble","pos":[16,27],"rotation":0},{"name":"cobble","pos":[16,28],"rotation":0},{"name":"cobble","pos":[16,29],"rotation":0},{"name":"cobble","pos":[16,30],"rotation":0},{"name":"cobble","pos":[17,0],"rotation":0},{"name":"cobble","pos":[17,2],"rotation":0},{"name":"cobble","pos":[17,6],"rotation":0},{"name":"cobble","pos":[17,10],"rotation":0},{"name":"cobble","pos":[17,12],"rotation":0},{"name":"cobble","pos":[17,20],"rotation":0},{"name":"cobble","pos":[17,22],"rotation":0},{"name":"cobble","pos":[17,24],"rotation":0},{"name":"cobble","pos":[17,26],"rotation":0},{"name":"cobble","pos":[17,30],"rotation":0},{"name":"cobble","pos":[18,0],"rotation":0},{"name":"cobble","pos":[18,2],"rotation":0},{"name":"cobble","pos":[18,4],"rotation":0},{"name":"cobble","pos":[18,5],"rotation":0},{"name":"cobble","pos":[18,6],"rotation":0},{"name":"cobble","pos":[18,7],"rotation":0},{"name":"cobble","pos":[18,8],"rotation":0},{"name":"cobble","pos":[18,9],"rotation":0},{"name":"cobble","pos":[18,10],"rotation":0},{"name":"cobble","pos":[18,12],"rotation":0},{"name":"cobble","pos":[18,14],"rotation":0},{"name":"cobble","pos":[18,15],"rotation":0},{"name":"cobble","pos":[18,16],"rotation":0},{"name":"cobble","pos":[18,18],"rotation":0},{"name":"cobble","pos":[18,19],"rotation":0},{"name":"cobble","pos":[18,20],"rotation":0},{"name":"cobble","pos":[18,21],"rotation":0},{"name":"cobble","pos":[18,22],"rotation":0},{"name":"cobble","pos":[18,23],"rotation":0},{"name":"cobble","pos":[18,24],"rotation":0},{"name":"cobble","pos":[18,26],"rotation":0},{"name":"cobble","pos":[18,27],"rotation":0},{"name":"cobble","pos":[18,28],"rotation":0},{"name":"cobble","pos":[18,30],"rotation":0},{"name":"cobble","pos":[19,0],"rotation":0},{"name":"cobble","pos":[19,4],"rotation":0},{"name":"cobble","pos":[19,6],"rotation":0},{"name":"cobble","pos":[19,16],"rotation":0},{"name":"cobble","pos":[19,20],"rotation":0},{"name":"cobble","pos":[19,30],"rotation":0},{"name":"cobble","pos":[20,0],"rotation":0},{"name":"cobble","pos":[20,1],"rotation":0},{"name":"cobble","pos":[20,2],"rotation":0},{"name":"cobble","pos":[20,3],"rotation":0},{"name":"cobble","pos":[20,4],"rotation":0},{"name":"cobble","pos":[20,6],"rotation":0},{"name":"cobble","pos":[20,8],"rotation":0},{"name":"cobble","pos":[20,9],"rotation":0},{"name":"cobble","pos":[20,10],"rotation":0},{"name":"cobble","pos":[20,11],"rotation":0},{"name":"cobble","pos":[20,12],"rotation":0},{"name":"cobble","pos":[20,14],"rotation":0},{"name":"cobble","pos":[20,15],"rotation":0},{"name":"cobble","pos":[20,16],"rotation":0},{"name":"cobble","pos":[20,17],"rotation":0},{"name":"cobble","pos":[20,18],"rotation":0},{"name":"cobble","pos":[20,20],"rotation":0},{"name":"cobble","pos":[20,22],"rotation":0},{"name":"cobble","pos":[20,24],"rotation":0},{"name":"cobble","pos":[20,25],"rotation":0},{"name":"cobble","pos":[20,26],"rotation":0},{"name":"cobble","pos":[20,28],"rotation":0},{"name":"cobble","pos":[20,29],"rotation":0},{"name":"cobble","pos":[20,30],"rotation":0},{"name":"cobble","pos":[21,0],"rotation":0},{"name":"cobble","pos":[21,4],"rotation":0},{"name":"cobble","pos":[21,8],"rotation":0},{"name":"cobble","pos":[21,12],"rotation":0},{"name":"cobble","pos":[21,16],"rotation":0},{"name":"cobble","pos":[21,22],"rotation":0},{"name":"cobble","pos":[21,24],"rotation":0},{"name":"cobble","pos":[21,30],"rotation":0},{"name":"cobble","pos":[22,0],"rotation":0},{"name":"cobble","pos":[22,1],"rotation":0},{"name":"cobble","pos":[22,2],"rotation":0},{"name":"cobble","pos":[22,4],"rotation":0},{"name":"cobble","pos":[22,6],"rotation":0},{"name":"cobble","pos":[22,7],"rotation":0},{"name":"cobble","pos":[22,8],"rotation":0},{"name":"cobble","pos":[22,10],"rotation":0},{"name":"cobble","pos":[22,11],"rotation":0},{"name":"cobble","pos":[22,12],"rotation":0},{"name":"cobble","pos":[22,14],"rotation":0},{"name":"cobble","pos":[22,16],"rotation":0},{"name":"cobble","pos":[22,18],"rotation":0},{"name":"cobble","pos":[22,19],"rotation":0},{"name":"cobble","pos":[22,20],"rotation":0},{"name":"cobble","pos":[22,22],"rotation":0},{"name":"cobble","pos":[22,23],"rotation":0},{"name":"cobble","pos":[22,24],"rotation":0},{"name":"cobble","pos":[22,26],"rotation":0},{"name":"cobble","pos":[22,27],"rotation":0},{"name":"cobble","pos":[22,28],"rotation":0},{"name":"cobble","pos":[22,29],"rotation":0},{"name":"cobble","pos":[22,30],"rotation":0},{"name":"cobble","pos":[23,0],"rotation":0},{"name":"cobble","pos":[23,6],"rotation":0},{"name":"cobble","pos":[23,8],"rotation":0},{"name":"cobble","pos":[23,14],"rotation":0},{"name":"cobble","pos":[23,16],"rotation":0},{"name":"cobble","pos":[23,20],"rotation":0},{"name":"cobble","pos":[23,22],"rotation":0},{"name":"cobble","pos":[23,30],"rotation":0},{"name":"cobble","pos":[24,0],"rotation":0},{"name":"cobble","pos":[24,2],"rotation":0},{"name":"cobble","pos":[24,3],"rotation":0},{"name":"cobble","pos":[24,4],"rotation":0},{"name":"cobble","pos":[24,5],"rotation":0},{"name":"cobble","pos":[24,6],"rotation":0},{"name":"cobble","pos":[24,8],"rotation":0},{"name":"cobble","pos":[24,10],"rotation":0},{"name":"cobble","pos":[24,11],"rotation":0},{"name":"cobble","pos":[24,12],"rotation":0},{"name":"cobble","pos":[24,13],"rotation":0},{"name":"cobble","pos":[24,14],"rotation":0},{"name":"cobble","pos":[24,16],"rotation":0},{"name":"cobble","pos":[24,17],"rotation":0},{"name":"cobble","pos":[24,18],"rotation":0},{"name":"cobble","pos":[24,20],"rotation":0},{"name":"cobble","pos":[24,21],"rotation":0},{"name":"cobble","pos":[24,22],"rotation":0},{"name":"cobble","pos":[24,24],"rotation":0},{"name":"cobble","pos":[24,25],"rotation":0},{"name":"cobble","pos":[24,26],"rotation":0},{"name":"cobble","pos":[24,28],"rotation":0},{"name":"cobble","pos":[24,30],"rotation":0},{"name":"cobble","pos":[25,0],"rotation":0},{"name":"cobble","pos":[25,4],"rotation":0},{"name":"cobble","pos":[25,8],"rotation":0},{"name":"cobble","pos":[25,14],"rotation":0},{"name":"cobble","pos":[25,16],"rotation":0},{"name":"cobble","pos":[25,22],"rotation":0},{"name":"cobble","pos":[25,24],"rotation":0},{"name":"cobble","pos":[25,28],"rotation":0},{"name":"cobble","pos":[25,30],"rotation":0},{"name":"cobble","pos":[26,0],"rotation":0},{"name":"cobble","pos":[26,1],"rotation":0},{"name":"cobble","pos":[26,2],"rotation":0},{"name":"cobble","pos":[26,3],"rotation":0},{"name":"cobble","pos":[26,4],"rotation":0},{"name":"cobble","pos":[26,6],"rotation":0},{"name":"cobble","pos":[26,7],"rotation":0},{"name":"cobble","pos":[26,8],"rotation":0},{"name":"cobble","pos":[26,10],"rotation":0},{"name":"cobble","pos":[26,12],"rotation":0},{"name":"cobble","pos":[26,14],"rotation":0},{"name":"cobble","pos":[26,15],"rotation":0},{"name":"cobble","pos":[26,16],"rotation":0},{"name":"cobble","pos":[26,18],"rotation":0},{"name":"cobble","pos":[26,19],"rotation":0},{"name":"cobble","pos":[26,20],"rotation":0},{"name":"cobble","pos":[26,22],"rotation":0},{"name":"cobble","pos":[26,23],"rotation":0},{"name":"cobble","pos":[26,24],"rotation":0},{"name":"cobble","pos":[26,26],"rotation":0},{"name":"cobble","pos":[26,28],"rotation":0},{"name":"cobble","pos":[26,29],"rotation":0},{"name":"cobble","pos":[26,30],"rotation":0},{"name":"cobble","pos":[27,0],"rotation":0},{"name":"cobble","pos":[27,4],"rotation":0},{"name":"cobble","pos":[27,10],"rotation":0},{"name":"cobble","pos":[27,12],"rotation":0},{"name":"cobble","pos":[27,20],"rotation":0},{"name":"cobble","pos":[27,26],"rotation":0},{"name":"cobble","pos":[27,30],"rotation":0},{"name":"cobble","pos":[28,0],"rotation":0},{"name":"cobble","pos":[28,2],"rotation":0},{"name":"cobble","pos":[28,4],"rotation":0},{"name":"cobble","pos":[28,6],"rotation":0},{"name":"cobble","pos":[28,7],"rotation":0},{"name":"cobble","pos":[28,8],"rotation":0},{"name":"cobble","pos":[28,10],"rotation":0},{"name":"cobble","pos":[28,11],"rotation":0},{"name":"cobble","pos":[28,12],"rotation":0},{"name":"cobble","pos":[28,14],"rotation":0},{"name":"cobble","pos":[28,16],"rotation":0},{"name":"cobble","pos":[28,17],"rotation":0},{"name":"cobble","pos":[28,18],"rotation":0},{"name":"cobble","pos":[28,20],"rotation":0},{"name":"cobble","pos":[28,21],"rotation":0},{"name":"cobble","pos":[28,22],"rotation":0},{"name":"cobble","pos":[28,24],"rotation":0},{"name":"cobble","pos":[28,26],"rotation":0},{"name":"cobble","pos":[28,27],"rotation":0},{"name":"cobble","pos":[28,28],"rotation":0},{"name":"cobble","pos":[28,29],"rotation":0},{"name":"cobble","pos":[28,30],"rotation":0},{"name":"cobble","pos":[29,0],"rotation":0},{"name":"cobble","pos":[29,2],"rotation":0},{"name":"cobble","pos":[29,6],"rotation":0},{"name":"cobble","pos":[29,10],"rotation":0},{"name":"cobble","pos":[29,14],"rotation":0},{"name":"cobble","pos":[29,16],"rotation":0},{"name":"cobble","pos":[29,22],"rotation":0},{"name":"cobble","pos":[29,24],"rotation":0},{"name":"cobble","pos":[29,30],"rotation":0},{"name":"cobble","pos":[30,0],"rotation":0},{"name":"cobble","pos":[30,1],"rotation":0},{"name":"cobble","pos":[30,2],"rotation":0},{"name":"cobble","pos":[30,3],"rotation":0},{"name":"cobble","pos":[30,4],"rotation":0},{"name":"cobble","pos":[30,5],"rotation":0},{"name":"cobble","pos":[30,6],"rotation":0},{"name":"cobble","pos":[30,7],"rotation":0},{"name":"cobble","pos":[30,8],"rotation":0},{"name":"cobble","pos":[30,9],"rotation":0},{"name":"cobble","pos":[30,10],"rotation":0},{"name":"cobble","pos":[30,11],"rotation":0},{"name":"cobble","pos":[30,12],"rotation":0},{"name":"cobble","pos":[30,13],"rotation":0},{"name":"cobble","pos":[30,14],"rotation":0},{"name":"cobble","pos":[30,15],"rotation":0},{"name":"cobble","pos":[30,16],"rotation":0},{"name":"cobble","pos":[30,17],"rotation":0},{"name":"cobble","pos":[30,18],"rotation":0},{"name":"cobble","pos":[30,19],"rotation":0},{"name":"cobble","pos":[30,20],"rotation":0},{"name":"cobble","pos":[30,21],"rotation":0},{"name":"cobble","pos":[30,22],"rotation":0},{"name":"cobble","pos":[30,23],"rotation":0},{"name":"cobble","pos":[30,24],"rotation":0},{"name":"cobble","pos":[30,25],"rotation":0},{"name":"cobble","pos":[30,26],"rotation":0},{"name":"cobble","pos":[30,27],"rotation":0},{"name":"cobble","pos":[30,28],"rotation":0},{"name":"cobble","pos":[30,29],"rotation":0},{"name":"cobble","pos":[30,30],"rotation":0}]}