{"palette":[{"name":"cobble","type":"square","texture":"stone.png"}],"level":[{"name":"cobble","pos":[0,0],"rotation":0},{"name":"cobble","pos":[0,1],"rotation":0},{"name":"cobble","pos":[0,2],"rotation":0},{"name":"cobble","pos":[0,3],"rotation":0},{"name":"cobble","pos":[0,4],"rotation":0},{"name":"cobble","pos":[0,5],"rotation":0},{"name":"cobble","pos":[0,6],"rotation":0},{"name":"cobble","pos":[0,7],"rotation":0},{"name":"cobble","pos":[0,8],"rotation":0},{"name":"cobble","pos":[0,9],"rotation":0},{"name":"cobble","pos":[0,10],"rotation":0},{"name":"cobble","pos":[0,11],"rotation":0},{"name":"cobble","pos":[0,12],"rotation":0},{"name":"cobble","pos":[0,13],"rotation":0},{"name":"cobble","pos":[0,14],"rotation":0},{"name":"cobble","pos":[0,15],"rotation":0},{"name":"cobble","pos":[0,16],"rotation":0},{"name":"cobble","pos":[0,17],"rotation":0},{"name":"cobble","pos":[0,18],"rotation":0},{"name":"cobble","pos":[0,19],"rotation":0},{"name":"cobble","pos":[0,20],"rotation":0},{"name":"cobble","pos":[0,21],"rotation":0},{"name":"cobble","pos":[0,22],"rotation":0},{"name":"cobble","pos":[0,23],"rotation":0},{"name":"cobble","pos":[0,24],"rotation":0},{"name":"cobble","pos":[0,25],"rotation":0},{"name":"cobble","pos":[0,26],"rotation":0},{"name":"cobble","pos":[0,27],"rotation":0},{"name":"cobble","pos":[0,28],"rotation":0},{"name":"cobble","pos":[0,29],"rotation":0},{"name":"cobble","pos":[0,30],"rotation":0},{"name":"cobble","pos":[0,31],"rotation":0},{"name":"cobble","pos":[0,32],"rotation":0},{"name":"cobble","pos":[0,33],"rotation":0},{"name":"cobble","pos":[0,34],"rotation":0},{"name":"cobble","pos":[0,35],"rotation":0},{"name":"cobble","pos":[0,36],"rotation":0},{"name":"cobble","pos":[0,37],"rotation":0},{"name":"cobble","pos":[0,38],"rotation":0},{"name":"cobble","pos":[0,39],"rotation":0},{"name":"cobble","pos":[0,40],"rotation":0},{"name":"cobble","pos":[0,41],"rotation":0},{"name":"cobble","pos":[0,42],"rotation":0},{"name":"cobble","pos":[0,43],"rotation":0},{"name":"cobble","pos":[0,44],"rotation":0},{"name":"cobble","pos":[0,45],"rotation":0},{"name":"cobble","pos":[0,46],"rotation":0},{"name":"cobble","pos":[1,0],"rotation":0},{"name":"cobble","pos":[1,2],"rotation":0},{"name":"cobble","pos":[1,6],"rotation":0},{"name":"cobble","pos":[1,10],"rotation":0},{"name":"cobble","pos":[1,12],"rotation":0},{"name":"cobble","pos":[1,16],"rotation":0},{"name":"cobble","pos":[1,20],"rotation":0},{"name":"cobble","pos":[1,22],"rotation":0},{"name":"cobble","pos":[1,28],"rotation":0},{"name":"cobble","pos":[1,30],"rotation":0},{"name":"cobble","pos":[1,34],"rotation":0},{"name":"cobble","pos":[1,36],"rotation":0},{"name":"cobble","pos":[1,40],"rotation":0},{"name":"cobble","pos":[1,44],"rotation":0},{"name":"cobble","pos":[1,46],"rotation":0},{"name":"cobble","pos":[2,0],"rotation":0},{"name":"cobble","pos":[2,2],"rotation":0},{"name":"cobble","pos":[2,4],"rotation":0},{"name":"cobble","pos":[2,6],"rotation":0},{"name":"cobble","pos":[2,7],"rotation":0},{"name":"cobble","pos":[2,8],"rotation":0},{"name":"cobble","pos":[2,10],"rotation":0},{"name":"cobble","pos":[2,12],"rotation":0},{"name":"cobble","pos":[2,14],"rotation":0},{"name":"cobble","pos":[2,16],"rotation":0},{"name":"cobble","pos":[2,18],"rotation":0},{"name":"cobble","pos":[2,19],"rotation":0},{"name":"cobble","pos":[2,20],"rotation":0},{"name":"cobble","pos":[2,22],"rotation":0},{"name":"cobble","pos":[2,23],"rotation":0},{"name":"cobble","pos":[2,24],"rotation":0},{"name":"cobble","pos":[2,26],"rotation":0},{"name":"cobble","pos":[2,27],"rotation":0},{"name":"cobble","pos":[2,28],"rotation":0},{"name":"cobble","pos":[2,30],"rotation":0},{"name":"cobble","pos":[2,32],"rotation":0},{"name":"cobble","pos":[2,33],"rotation":0},{"name":"cobble","pos":[2,34],"rotation":0},{"name":"cobble","pos":[2,36],"rotation":0},{"name":"cobble","pos":[2,37],"rotation":0},{"name":"cobble","pos":[2,38],"rotation":0},{"name":"cobble","pos":[2,40],"rotation":0},{"name":"cobble","pos":[2,42],"rotation":0},{"name":"cobble","pos":[2,43],"rotation":0},{"name":"cobble","pos":[2,44],"rotation":0},{"name":"cobble","pos":[2,46],"rotation":0},{"name":"cobble","pos":[3,0],"rotation":0},{"name":"cobble","pos":[3,4],"rotation":0},{"name":"cobble","pos":[3,6],"rotation":0},{"name":"cobble","pos":[3,12],"rotation":0},{"name":"cobble","pos":[3,14],"rotation":0},{"name":"cobble","pos":[3,20],"rotation":0},{"name":"cobble","pos":[3,30],"rotation":0},{"name":"cobble","pos":[3,38],"rotation":0},{"name":"cobble","pos":[3,46],"rotation":0},{"name":"cobble","pos":[4,0],"rotation":0},{"name":"cobble","pos":[4,1],"rotation":0},{"name":"cobble","pos":[4,2],"rotation":0},{"name":"cobble","pos":[4,3],"rotation":0},{"name":"cobble","pos":[4,4],"rotation":0},{"name":"cobble","pos":[4,6],"rotation":0},{"name":"cobble","pos":[4,8],"rotation":0},{"name":"cobble","pos":[4,10],"rotation":0},{"name":"cobble","pos":[4,12],"rotation":0},{"name":"cobble","pos":[4,13],"rotation":0},{"name":"cobble","pos":[4,14],"rotation":0},{"name":"cobble","pos":[4,16],"rotation":0},{"name":"cobble","pos":[4,17],"rotation":0},{"name":"cobble","pos":[4,18],"rotation":0},{"name":"cobble","pos":[4,20],"rotation":0},{"name":"cobble","pos":[4,21],"rotation":0},{"name":"cobble","pos":[4,22],"rotation":0},{"name":"cobble","pos":[4,24],"rotation":0},{"name":"cobble","pos":[4,25],"rotation":0},{"name":"cobble","pos":[4,26],"rotation":0},{"name":"cobble","pos":[4,28],"rotation":0},{"name":"cobble","pos":[4,30],"rotation":0},{"name":"cobble","pos":[4,31],"rotation":0},{"name":"cobble","pos":[4,32],"rotation":0},{"name":"cobble","pos":[4,34],"rotation":0},{"name":"cobble","pos":[4,35],"rotation":0},{"name":"cobble","pos":[4,36],"rotation":0},{"name":"cobble","pos":[4,38],"rotation":0},{"name":"cobble","pos":[4,40],"rotation":0},{"name":"cobble","pos":[4,41],"rotation":0},{"name":"cobble","pos":[4,42],"rotation":0},{"name":"cobble","pos":[4,44],"rotation":0},{"name":"cobble","pos":[4,45],"rotation":0},{"name":"cobble","pos":[4,46],"rotation":0},{"name":"cobble","pos":[5,0],"rotation":0},{"name":"cobble","pos":[5,8],"rotation":0},{"name":"cobble","pos":[5,10],"rotation":0},{"name":"cobble","pos":[5,16],"rotation":0},{"name":"cobble","pos":[5,26],"rotation":0},{"name":"cobble","pos":[5,28],"rotation":0},{"name":"cobble","pos":[5,30],"rotation":0},{"name":"cobble","pos":[5,34],"rotation":0},{"name":"cobble","pos":[5,38],"rotation":0},{"name":"cobble","pos":[5,42],"rotation":0},{"name":"cobble","pos":[5,46],"rotation":0},{"name":"cobble","pos":[6,0],"rotation":0},{"name":"cobble","pos":[6,1],"rotation":0},{"name":"cobble","pos":[6,2],"rotation":0},{"name":"cobble","pos":[6,4],"rotation":0},{"name":"cobble","pos":[6,5],"rotation":0},{"name":"cobble","pos":[6,6],"rotation":0},{"name":"cobble","pos":[6,7],"rotation":0},{"name":"cobble","pos":[6,8],"rotation":0},{"name":"cobble","pos":[6,10],"rotation":0},{"name":"cobble","pos":[6,11],"rotation":0},{"name":"cobble","pos":[6,12],"rotation":0},{"name":"cobble","pos":[6,14],"rotation":0},{"name":"cobble","pos":[6,15],"rotation":0},{"name":"cobble","pos":[6,16],"rotation":0},{"name":"cobble","pos":[6,17],"rotation":0},{"name":"cobble","pos":[6,18],"rotation":0},{"name":"cobble","pos":[6,19],"rotation":0},{"name":"cobble","pos":[6,20],"rotation":0},{"name":"cobble","pos":[6,22],"rotation":0},{"name":"cobble","pos":[6,23],"rotation":0},{"name":"cobble","pos":[6,24],"rotation":0},{"name":"cobble","pos":[6,25],"rotation":0},{"name":"cobble","pos":[6,26],"rotation":0},{"name":"cobble","pos":[6,27],"rotation":0},{"name":"cobble","pos":[6,28],"rotation":0},{"name":"cobble","pos":[6,30],"rotation":0},{"name":"cobble","pos":[6,32],"rotation":0},{"name":"cobble","pos":[6,33],"rotation":0},{"name":"cobble","pos":[6,34],"rotation":0},{"name":"cobble","pos":[6,36],"rotation":0},{"name":"cobble","pos":[6,37],"rotation":0},{"name":"cobble","pos":[6,38],"rotation":0},{"name":"cobble","pos":[6,40],"rotation":0},{"name":"cobble","pos":[6,41],"rotation":0},{"name":"cobble","pos":[6,42],"rotation":0},{"name":"cobble","pos":[6,44],"rotation":0},{"name":"cobble","pos":[6,45],"rotation":0},{"name":"cobble","pos":[6,46],"rotation":0},{"name":"cobble","pos":[7,0],"rotation":0},{"name":"cobble","pos":[7,6],"rotation":0},{"name":"cobble","pos":[7,10],"rotation":0},{"name":"cobble","pos":[7,14],"rotation":0},{"name":"cobble","pos":[7,16],"rotation":0},{"name":"cobble","pos":[7,20],"rotation":0},{"name":"cobble","pos":[7,24],"rotation":0},{"name":"cobble","pos":[7,32],"rotation":0},{"name":"cobble","pos":[7,34],"rotation":0},{"name":"cobble","pos":[7,40],"rotation":0},{"name":"cobble","pos":[7,44],"rotation":0},{"name":"cobble","pos":[7,46],"rotation":0},{"name":"cobble","pos":[8,0],"rotation":0},{"name":"cobble","pos":[8,1],"rotation":0},{"name":"cobble","pos":[8,2],"rotation":0},{"name":"cobble","pos":[8,4],"rotation":0},{"name":"cobble","pos":[8,6],"rotation":0},{"name":"cobble","pos":[8,7],"rotation":0},{"name":"cobble","pos":[8,8],"rotation":0},{"name":"cobble","pos":[8,9],"rotation":0},{"name":"cobble","pos":[8,10],"rotation":0},{"name":"cobble","pos":[8,11],"rotation":0},{"name":"cobble","pos":[8,12],"rotation":0},{"name":"cobble","pos":[8,14],"rotation":0},{"name":"cobble","pos":[8,16],"rotation":0},{"name":"cobble","pos":[8,17],"rotation":0},{"name":"cobble","pos":[8,18],"rotation":0},{"name":"cobble","pos":[8,22],"rotation":0},{"name":"cobble","pos":[8,24],"rotation":0},{"name":"cobble","pos":[8,26],"rotation":0},{"name":"cobble","pos":[8,27],"rotation":0},{"name":"cobble","pos":[8,28],"rotation":0},{"name":"cobble","pos":[8,29],"rotation":0},{"name":"cobble","pos":[8,30],"rotation":0},{"name":"cobble","pos":[8,32],"rotation":0},{"name":"cobble","pos":[8,34],"rotation":0},{"name":"cobble","pos":[8,35],"rotation":0},{"name":"cobble","pos":[8,36],"rotation":0},{"name":"cobble","pos":[8,38],"rotation":0},{"name":"cobble","pos":[8,39],"rotation":0},{"name":"cobble","pos":[8,40],"rotation":0},{"name":"cobble","pos":[8,42],"rotation":0},{"name":"cobble","pos":[8,44],"rotation":0},{"name":"cobble","pos":[8,46],"rotation":0},{"name":"cobble","pos":[9,0],"rotation":0},{"name":"cobble","pos":[9,4],"rotation":0},{"name":"cobble","pos":[9,8],"rotation":0},{"name":"cobble","pos":[9,14],"rotation":0},{"name":"cobble","pos":[9,20],"rotation":0},{"name":"cobble","pos":[9,22],"rotation":0},{"name":"cobble","pos":[9,24],"rotation":0},{"name":"cobble","pos":[9,30],"rotation":0},{"name":"cobble","pos":[9,32],"rotation":0},{"name":"cobble","pos":[9,40],"rotation":0},{"name":"cobble","pos":[9,42],"rotation":0},{"name":"cobble","pos":[9,46],"rotation":0},{"name":"cobble","pos":[10,0],"rotation":0},{"name":"cobble","pos":[10,2],"rotation":0},{"name":"cobble","pos":[10,3],"rotation":0},{"name":"cobble","pos":[10,4],"rotation":0},{"name":"cobble","pos":[10,6],"rotation":0},{"name":"cobble","pos":[10,8],"rotation":0},{"name":"cobble","pos":[10,10],"rotation":0},{"name":"cobble","pos":[10,12],"rotation":0},{"name":"cobble","pos":[10,13],"rotation":0},{"name":"cobble","pos":[10,14],"rotation":0},{"name":"cobble","pos":[10,16],"rotation":0},{"name":"cobble","pos":[10,18],"rotation":0},{"name":"cobble","pos":[10,19],"rotation":0},{"name":"cobble","pos":[10,20],"rotation":0},{"name":"cobble","pos":[10,22],"rotation":0},{"name":"cobble","pos":[10,23],"rotation":0},{"name":"cobble","pos":[10,24],"rotation":0},{"name":"cobble","pos":[10,26],"rotation":0},{"name":"cobble","pos":[10,27],"rotation":0},{"name":"cobble","pos":[10,28],"rotation":0},{"name":"cobble","pos":[10,30],"rotation":0},{"name":"cobble","pos":[10,32],"rotation":0},{"name":"cobble","pos":[10,34],"rotation":0},{"name":"cobble","pos":[10,36],"rotation":0},{"name":"cobble","pos":[10,38],"rotation":0},{"name":"cobble","pos":[10,40],"rotation":0},{"name":"cobble","pos":[10,42],"rotation":0},{"name":"cobble","pos":[10,43],"rotation":0},{"name":"cobble","pos":[10,44],"rotation":0},{"name":"cobble","pos":[10,45],"rotation":0},{"name":"cobble","pos":[10,46],"rotation":0},{"name":"cobble","pos":[11,0],"rotation":0},{"name":"cobble","pos":[11,6],"rotation":0},{"name":"cobble","pos":[11,10],"rotation":0},{"name":"cobble","pos":[11,16],"rotation":0},{"name":"cobble","pos":[11,28],"rotation":0},{"name":"cobble","pos":[11,34],"rotation":0},{"name":"cobble","pos":[11,36],"rotation":0},{"name":"cobble","pos":[11,38],"rotation":0},{"name":"cobble","pos":[11,46],"rotation":0},{"name":"cobble","pos":[12,0],"rotation":0},{"name":"cobble","pos":[12,1],"rotation":0},{"name":"cobble","pos":[12,2],"rotation":0},{"name":"cobble","pos":[12,4],"rotation":0},{"name":"cobble","pos":[12,5],"rotation":0},{"name":"cobble","pos":[12,6],"rotation":0},{"name":"cobble","pos":[12,7],"rotation":0},{"name":"cobble","pos":[12,8],"rotation":0},{"name":"cobble","pos":[12,9],"rotation":0},{"name":"cobble","pos":[12,10],"rotation":0},{"name":"cobble","pos":[12,12],"rotation":0},{"name":"cobble","pos":[12,13],"rotation":0},{"name":"cobble","pos":[12,14],"rotation":0},{"name":"cobble","pos":[12,15],"rotation":0},{"name":"cobble","pos":[12,16],"rotation":0},{"name":"cobble","pos":[12,18],"rotation":0},{"name":"cobble","pos":[12,19],"rotation":0},{"name":"cobble","pos":[12,20],"rotation":0},{"name":"cobble","pos":[12,21],"rotation":0},{"name":"cobble","pos":[12,22],"rotation":0},{"name":"cobble","pos":[12,24],"rotation":0},{"name":"cobble","pos":[12,25],"rotation":0},{"name":"cobble","pos":[12,26],"rotation":0},{"name":"cobble","pos":[12,27],"rotation":0},{"name":"cobble","pos":[12,28],"rotation":0},{"name":"cobble","pos":[12,30],"rotation":0},{"name":"cobble","pos":[12,31],"rotation":0},{"name":"cobble","pos":[12,32],"rotation":0},{"name":"cobble","pos":[12,33],"rotation":0},{"name":"cobble","pos":[12,34],"rotation":0},{"name":"cobble","pos":[12,36],"rotation":0},{"name":"cobble","pos":[12,37],"rotation":0},{"name":"cobble","pos":[12,38],"rotation":0},{"name":"cobble","pos":[12,40],"rotation":0},{"name":"cobble","pos":[12,41],"rotation":0},{"name":"cobble","pos":[12,42],"rotation":0},{"name":"cobble","pos":[12,44],"rotation":0},{"name":"cobble","pos":[12,45],"rotation":0},{"name":"cobble","pos":[12,46],"rotation":0},{"name":"cobble","pos":[13,0],"rotation":0},{"name":"cobble","pos":[13,8],"rotation":0},{"name":"cobble","pos":[13,20],"rotation":0},{"name":"cobble","pos":[13,26],"rotation":0},{"name":"cobble","pos":[13,28],"rotation":0},{"name":"cobble","pos":[13,32],"rotation":0},{"name":"cobble","pos":[13,36],"rotation":0},{"name":"cobble","pos":[13,40],"rotation":0},{"name":"cobble","pos":[13,42],"rotation":0},{"name":"cobble","pos":[13,46],"rotation":0},{"name":"cobble","pos":[14,0],"rotation":0},{"name":"cobble","pos":[14,1],"rotation":0},{"name":"cobble","pos":[14,2],"rotation":0},{"name":"cobble","pos":[14,4],"rotation":0},{"name":"cobble","pos":[14,5],"rotation":0},{"name":"cobble","pos":[14,6],"rotation":0},{"name":"cobble","pos":[14,8],"rotation":0},{"name":"cobble","pos":[14,10],"rotation":0},{"name":"cobble","pos":[14,11],"rotation":0},{"name":"cobble","pos":[14,12],"rotation":0},{"name":"cobble","pos":[14,14],"rotation":0},{"name":"cobble","pos":[14,15],"rotation":0},{"name":"cobble","pos":[14,16],"rotation":0},{"name":"cobble","pos":[14,18],"rotation":0},{"name":"cobble","pos":[14,19],"rotation":0},{"name":"cobble","pos":[14,20],"rotation":0},{"name":"cobble","pos":[14,22],"rotation":0},{"name":"cobble","pos":[14,23],"rotation":0},{"name":"cobble","pos":[14,24],"rotation":0},{"name":"cobble","pos":[14,25],"rotation":0},{"name":"cobble","pos":[14,26],"rotation":0},{"name":"cobble","pos":[14,28],"rotation":0},{"name":"cobble","pos":[14,29],"rotation":0},{"name":"cobble","pos":[14,30],"rotation":0},{"name":"cobble","pos":[14,32],"rotation":0},{"name":"cobble","pos":[14,34],"rotation":0},{"name":"cobble","pos":[14,35],"rotation":0},{"name":"cobble","pos":[14,36],"rotation":0},{"name":"cobble","pos":[14,37],"rotation":0},{"name":"cobble","pos":[14,38],"rotation":0},{"name":"cobble","pos":[14,39],"rotation":0},{"name":"cobble","pos":[14,40],"rotation":0},{"name":"cobble","pos":[14,42],"rotation":0},{"name":"cobble","pos":[14,44],"rotation":0},{"name":"cobble","pos":[14,46],"rotation":0},{"name":"cobble","pos":[15,0],"rotation":0},{"name":"cobble","pos":[15,6],"rotation":0},{"name":"cobble","pos":[15,10],"rotation":0},{"name":"cobble","pos":[15,16],"rotation":0},{"name":"cobble","pos":[15,32],"rotation":0},{"name":"cobble","pos":[15,36],"rotation":0},{"name":"cobble","pos":[15,38],"rotation":0},{"name":"cobble","pos":[15,44],"rotation":0},{"name":"cobble","pos":[15,46],"rotation":0},{"name":"cobble","pos":[16,0],"rotation":0},{"name":"cobble","pos":[16,1],"rotation":0},{"name":"cobble","pos":[16,2],"rotation":0},{"name":"cobble","pos":[16,4],"rotation":0},{"name":"cobble","pos":[16,6],"rotation":0},{"name":"cobble","pos":[16,8],"rotation":0},{"name":"cobble","pos":[16,9],"rotation":0},{"name":"cobble","pos":[16,10],"rotation":0},{"name":"cobble","pos":[16,12],"rotation":0},{"name":"cobble","pos":[16,13],"rotation":0},{"name":"cobble","pos":[16,14],"rotation":0},{"name":"cobble","pos":[16,15],"rotation":0},{"name":"cobble","pos":[16,16],"rotation":0},{"name":"cobble","pos":[16,18],"rotation":0},{"name":"cobble","pos":[16,19],"rotation":0},{"name":"cobble","pos":[16,20],"rotation":0},{"name":"cobble","pos":[16,21],"rotation":0},{"name":"cobble","pos":[16,22],"rotation":0},{"name":"cobble","pos":[16,24],"rotation":0},{"name":"cobble","pos":[16,26],"rotation":0},{"name":"cobble","pos":[16,28],"rotation":0},{"name":"cobble","pos":[16,30],"rotation":0},{"name":"cobble","pos":[16,31],"rotation":0},{"name":"cobble","pos":[16,32],"rotation":0},{"name":"cobble","pos":[16,33],"rotation":0},{"name":"cobble","pos":[16,34],"rotation":0},{"name":"cobble","pos":[16,36],"rotation":0},{"name":"cobble","pos":[16,38],"rotation":0},{"name":"cobble","pos":[16,40],"rotation":0},{"name":"cobble","pos":[16,41],"rotation":0},{"name":"cobble","pos":[16,42],"rotation":0},{"name":"cobble","pos":[16,44],"rotation":0},{"name":"cobble","pos":[16,45],"rotation":0},{"name":"cobble","pos":[16,46],"rotation":0},{"name":"cobble","pos":[17,0],"rotation":0},{"name":"cobble","pos":[17,2],"rotation":0},{"name":"cobble","pos":[17,4],"rotation":0},{"name":"cobble","pos":[17,10],"rotation":0},{"name":"cobble","pos":[17,14],"rotation":0},{"name":"cobble","pos":[17,16],"rotation":0},{"name":"cobble","pos":[17,18],"rotation":0},{"name":"cobble","pos":[17,24],"rotation":0},{"name":"cobble","pos":[17,26],"rotation":0},{"name":"cobble","pos":[17,28],"rotation":0},{"name":"cobble","pos":[17,34],"rotation":0},{"name":"cobble","pos":[17,40],"rotation":0},{"name":"cobble","pos":[17,42],"rotation":0},{"name":"cobble","pos":[17,46],"rotation":0},{"name":"cobble","pos":[18,0],"rotation":0},{"name":"cobble","pos":[18,2],"rotation":0},{"name":"cobble","pos":[18,3],"rotation":0},{"name":"cobble","pos":[18,4],"rotation":0},{"name":"cobble","pos":[18,6],"rotation":0},{"name":"cobble","pos":[18,7],"rotation":0},{"name":"cobble","pos":[18,8],"rotation":0},{"name":"cobble","pos":[18,10],"rotation":0},{"name":"cobble","pos":[18,11],"rotation":0},{"name":"cobble","pos":[18,12],"rotation":0},{"name":"cobble","pos":[18,13],"rotation":0},{"name":"cobble","pos":[18,14],"rotation":0},{"name":"cobble","pos":[18,16],"rotation":0},{"name":"cobble","pos":[18,17],"rotation":0},{"name":"cobble","pos":[18,18],"rotation":0},{"name":"cobble","pos":[18,20],"rotation":0},{"name":"cobble","pos":[18,21],"rotation":0},{"name":"cobble","pos":[18,22],"rotation":0},{"name":"cobble","pos":[18,23],"rotation":0},{"name":"cobble","pos":[18,24],"rotation":0},{"name":"cobble","pos":[18,26],"rotation":0},{"name":"cobble","pos":[18,27],"rotation":0},{"name":"cobble","pos":[18,28],"rotation":0},{"name":"cobble","pos":[18,29],"rotation":0},{"name":"cobble","pos":[18,30],"rotation":0},{"name":"cobble","pos":[18,32],"rotation":0},{"name":"cobble","pos":[18,33],"rotation":0},{"name":"cobble","pos":[18,34],"rotation":0},{"name":"cobble","pos":[18,35],"rotation":0},{"name":"cobble","pos":[18,36],"rotation":0},{"name":"cobble","pos":[18,37],"rotation":0},{"name":"cobble","pos":[18,38],"rotation":0},{"name":"cobble","pos":[18,40],"rotation":0},{"name":"cobble","pos":[18,42],"rotation":0},{"name":"cobble","pos":[18,44],"rotation":0},{"name":"cobble","pos":[18,45],"rotation":0},{"name":"cobble","pos":[18,46],"rotation":0},{"name":"cobble","pos":[19,0],"rotation":0},{"name":"cobble","pos":[19,6],"rotation":0},{"name":"cobble","pos":[19,16],"rotation":0},{"name":"cobble","pos":[19,22],"rotation":0},{"name":"cobble","pos":[19,24],"rotation":0},{"name":"cobble","pos":[19,36],"rotation":0},{"name":"cobble","pos":[19,42],"rotation":0},{"name":"cobble","pos":[19,46],"rotation":0},{"name":"cobble","pos":[20,0],"rotation":0},{"name":"cobble","pos":[20,1],"rotation":0},{"name":"cobble","pos":[20,2],"rotation":0},{"name":"cobble","pos":[20,4],"rotation":0},{"name":"cobble","pos":[20,5],"rotation":0},{"name":"cobble","pos":[20,6],"rotation":0},{"name":"cobble","pos":[20,7],"rotation":0},{"name":"cobble","pos":[20,8],"rotation":0},{"name":"cobble","pos":[20,9],"rotation":0},{"name":"cobble","pos":[20,10],"rotation":0},{"name":"cobble","pos":[20,12],"rotation":0},{"name":"cobble","pos":[20,14],"rotation":0},{"name":"cobble","pos":[20,16],"rotation":0},{"name":"cobble","pos":[20,18],"rotation":0},{"name":"cobble","pos":[20,20],"rotation":0},{"name":"cobble","pos":[20,22],"rotation":0},{"name":"cobble","pos":[20,24],"rotation":0},{"name":"cobble","pos":[20,26],"rotation":0},{"name":"cobble","pos":[20,28],"rotation":0},{"name":"cobble","pos":[20,29],"rotation":0},{"name":"cobble","pos":[20,30],"rotation":0},{"name":"cobble","pos":[20,32],"rotation":0},{"name":"cobble","pos":[20,33],"rotation":0},{"name":"cobble","pos":[20,34],"rotation":0},{"name":"cobble","pos":[20,36],"rotation":0},{"name":"cobble","pos":[20,38],"rotation":0},{"name":"cobble","pos":[20,39],"rotation":0},{"name":"cobble","pos":[20,40],"rotation":0},{"name":"cobble","pos":[20,42],"rotation":0},{"name":"cobble","pos":[20,43],"rotation":0},{"name":"cobble","pos":[20,44],"rotation":0},{"name":"cobble","pos":[20,46],"rotation":0},{"name":"cobble","pos":[21,0],"rotation":0},{"name":"cobble","pos":[21,8],"rotation":0},{"name":"cobble","pos":[21,12],"rotation":0},{"name":"cobble","pos":[21,14],"rotation":0},{"name":"cobble","pos":[21,16],"rotation":0},{"name":"cobble","pos":[21,18],"rotation":0},{"name":"cobble","pos":[21,20],"rotation":0},{"name":"cobble","pos":[21,26],"rotation":0},{"name":"cobble","pos":[21,30],"rotation":0},{"name":"cobble","pos":[21,34],"rotation":0},{"name":"cobble","pos":[21,40],"rotation":0},{"name":"cobble","pos":[21,46],"rotation":0},{"name":"cobble","pos":[22,0],"rotation":0},{"name":"cobble","pos":[22,1],"rotation":0},{"name":"cobble","pos":[22,2],"rotation":0},{"name":"cobble","pos":[22,4],"rotation":0},{"name":"cobble","pos":[22,6],"rotation":0},{"name":"cobble","pos":[22,8],"rotation":0},{"name":"cobble","pos":[22,10],"rotation":0},{"name":"cobble","pos":[22,12],"rotation":0},{"name":"cobble","pos":[22,13],"rotation":0},{"name":"cobble","pos":[22,14],"rotation":0},{"name":"cobble","pos":[22,16],"rotation":0},{"name":"cobble","pos":[22,18],"rotation":0},{"name":"cobble","pos":[22,19],"rotation":0},{"name":"cobble","pos":[22,20],"rotation":0},{"name":"cobble","pos":[22,21],"rotation":0},{"name":"cobble","pos":[22,22],"rotation":0},{"name":"cobble","pos":[22,23],"rotation":0},{"name":"cobble","pos":[22,24],"rotation":0},{"name":"cobble","pos":[22,26],"rotation":0},{"name":"cobble","pos":[22,27],"rotation":0},{"name":"cobble","pos":[22,28],"rotation":0},{"name":"cobble","pos":[22,29],"rotation":0},{"name":"cobble","pos":[22,30],"rotation":0},{"name":"cobble","pos":[22,32],"rotation":0},{"name":"cobble","pos":[22,34],"rotation":0},{"name":"cobble","pos":[22,35],"rotation":0},{"name":"cobble","pos":[22,36],"rotation":0},{"name":"cobble","pos":[22,38],"rotation":0},{"name":"cobble","pos":[22,39],"rotation":0},{"name":"cobble","pos":[22,40],"rotation":0},{"name":"cobble","pos":[22,41],"rotation":0},{"name":"cobble","pos":[22,42],"rotation":0},{"name":"cobble","pos":[22,44],"rotation":0},{"name":"cobble","pos":[22,45],"rotation":0},{"name":"cobble","pos":[22,46],"rotation":0},{"name":"cobble","pos":[23,0],"rotation":0},{"name":"cobble","pos":[23,2],"rotation":0},{"name":"cobble","pos":[23,4],"rotation":0},{"name":"cobble","pos":[23,6],"rotation":0},{"name":"cobble","pos":[23,10],"rotation":0},{"name":"cobble","pos":[23,12],"rotation":0},{"name":"cobble","pos":[23,20],"rotation":0},{"name":"cobble","pos":[23,26],"rotation":0},{"name":"cobble","pos":[23,32],"rotation":0},{"name":"cobble","pos":[23,34],"rotation":0},{"name":"cobble","pos":[23,40],"rotation":0},{"name":"cobble","pos":[23,44],"rotation":0},{"name":"cobble","pos":[23,46],"rotation":0},{"name":"cobble","pos":[24,0],"rotation":0},{"name":"cobble","pos":[24,2],"rotation":0},{"name":"cobble","pos":[24,4],"rotation":0},{"name":"cobble","pos":[24,5],"rotation":0},{"name":"cobble","pos":[24,6],"rotation":0},{"name":"cobble","pos":[24,7],"rotation":0},{"name":"cobble","pos":[24,8],"rotation":0},{"name":"cobble","pos":[24,10],"rotation":0},{"name":"cobble","pos":[24,11],"rotation":0},{"name":"cobble","pos":[24,12],"rotation":0},{"name":"cobble","pos":[24,14],"rotation":0},{"name":"cobble","pos":[24,15],"rotation":0},{"name":"cobble","pos":[24,16],"rotation":0},{"name":"cobble","pos":[24,17],"rotation":0},{"name":"cobble","pos":[24,18],"rotation":0},{"name":"cobble","pos":[24,20],"rotation":0},{"name":"cobble","pos":[24,22],"rotation":0},{"name":"cobble","pos":[24,23],"rotation":0},{"name":"cobble","pos":[24,24],"rotation":0},{"name":"cobble","pos":[24,25],"rotation":0},{"name":"cobble","pos":[24,26],"rotation":0},{"name":"cobble","pos":[24,28],"rotation":0},{"name":"cobble","pos":[24,29],"rotation":0},{"name":"cobble","pos":[24,30],"rotation":0},{"name":"cobble","pos":[24,32],"rotation":0},{"name":"cobble","pos":[24,33],"rotation":0},{"name":"cobble","pos":[24,34],"rotation":0},{"name":"cobble","pos":[24,35],"rotation":0},{"name":"cobble","pos":[24,36],"rotation":0},{"name":"cobble","pos":[24,37],"rotation":0},{"name":"cobble","pos":[24,38],"rotation":0},{"name":"cobble","pos":[24,40],"rotation":0},{"name":"cobble","pos":[24,42],"rotation":0},{"name":"cobble","pos":[24,43],"rotation":0},{"name":"cobble","pos":[24,44],"rotation":0},{"name":"cobble","pos":[24,46],"rotation":0},{"name":"cobble","pos":[25,0],"rotation":0},{"name":"cobble","pos":[25,12],"rotation":0},{"name":"cobble","pos":[25,16],"rotation":0},{"name":"cobble","pos":[25,26],"rotation":0},{"name":"cobble","pos":[25,28],"rotation":0},{"name":"cobble","pos":[25,30],"rotation":0},{"name":"cobble","pos":[25,46],"rotation":0},{"name":"cobble","pos":[26,0],"rotation":0},{"name":"cobble","pos":[26,1],"rotation":0},{"name":"cobble","pos":[26,2],"rotation":0},{"name":"cobble","pos":[26,4],"rotation":0},{"name":"cobble","pos":[26,6],"rotation":0},{"name":"cobble","pos":[26,7],"rotation":0},{"name":"cobble","pos":[26,8],"rotation":0},{"name":"cobble","pos":[26,10],"rotation":0},{"name":"cobble","pos":[26,12],"rotation":0},{"name":"cobble","pos":[26,13],"rotation":0},{"name":"cobble","pos":[26,14],"rotation":0},{"name":"cobble","pos":[26,16],"rotation":0},{"name":"cobble","pos":[26,17],"rotation":0},{"name":"cobble","pos":[26,18],"rotation":0},{"name":"cobble","pos":[26,19],"rotation":0},{"name":"cobble","pos":[26,20],"rotation":0},{"name":"cobble","pos":[26,21],"rotation":0},{"name":"cobble","pos":[26,22],"rotation":0},{"name":"cobble","pos":[26,24],"rotation":0},{"name":"cobble","pos":[26,25],"rotation":0},{"name":"cobble","pos":[26,26],"rotation":0},{"name":"cobble","pos":[26,28],"rotation":0},{"name":"cobble","pos":[26,30],"rotation":0},{"name":"cobble","pos":[26,32],"rotation":0},{"name":"cobble","pos":[26,33],"rotation":0},{"name":"cobble","pos":[26,34],"rotation":0},{"name":"cobble","pos":[26,36],"rotation":0},{"name":"cobble","pos":[26,37],"rotation":0},{"name":"cobble","pos":[26,38],"rotation":0},{"name":"cobble","pos":[26,40],"rotation":0},{"name":"cobble","pos":[26,41],"rotation":0},{"name":"cobble","pos":[26,42],"rotation":0},{"name":"cobble","pos":[26,44],"rotation":0},{"name":"cobble","pos":[26,45],"rotation":0},{"name":"cobble","pos":[26,46],"rotation":0},{"name":"cobble","pos":[27,0],"rotation":0},{"name":"cobble","pos":[27,4],"rotation":0},{"name":"cobble","pos":[27,6],"rotation":0},{"name":"cobble","pos":[27,8],"rotation":0},{"name":"cobble","pos":[27,10],"rotation":0},{"name":"cobble","pos":[27,12],"rotation":0},{"name":"cobble","pos":[27,16],"rotation":0},{"name":"cobble","pos":[27,20],"rotation":0},{"name":"cobble","pos":[27,22],"rotation":0},{"name":"cobble","pos":[27,34],"rotation":0},{"name":"cobble","pos":[27,36],"rotation":0},{"name":"cobble","pos":[27,38],"rotation":0},{"name":"cobble","pos":[27,46],"rotation":0},{"name":"cobble","pos":[28,0],"rotation":0},{"name":"cobble","pos":[28,2],"rotation":0},{"name":"cobble","pos":[28,4],"rotation":0},{"name":"cobble","pos":[28,5],"rotation":0},{"name":"cobble","pos":[28,6],"rotation":0},{"name":"cobble","pos":[28,8],"rotation":0},{"name":"cobble","pos":[28,10],"rotation":0},{"name":"cobble","pos":[28,11],"rotation":0},{"name":"cobble","pos":[28,12],"rotation":0},{"name":"cobble","pos":[28,13],"rotation":0},{"name":"cobble","pos":[28,14],"rotation":0},{"name":"cobble","pos":[28,15],"rotation":0},{"name":"cobble","pos":[28,16],"rotation":0},{"name":"cobble","pos":[28,18],"rotation":0},{"name":"cobble","pos":[28,19],"rotation":0},{"name":"cobble","pos":[28,20],"rotation":0},{"name":"cobble","pos":[28,22],"rotation":0},{"name":"cobble","pos":[28,23],"rotation":0},{"name":"cobble","pos":[28,24],"rotation":0},{"name":"cobble","pos":[28,26],"rotation":0},{"name":"cobble","pos":[28,27],"rotation":0},{"name":"cobble","pos":[28,28],"rotation":0},{"name":"cobble","pos":[28,29],"rotation":0},{"name":"cobble","pos":[28,30],"rotation":0},{"name":"cobble","pos":[28,31],"rotation":0},{"name":"cobble","pos":[28,32],"rotation":0},{"name":"cobble","pos":[28,34],"rotation":0},{"name":"cobble","pos":[28,35],"rotation":0},{"name":"cobble","pos":[28,36],"rotation":0},{"name":"cobble","pos":[28,38],"rotation":0},{"name":"cobble","pos":[28,40],"rotation":0},{"name":"cobble","pos":[28,42],"rotation":0},{"name":"cobble","pos":[28,43],"rotation":0},{"name":"cobble","pos":[28,44],"rotation":0},{"name":"cobble","pos":[28,45],"rotation":0},{"name":"cobble","pos":[28,46],"rotation":0},{"name":"cobble","pos":[29,0],"rotation":0},{"name":"cobble","pos":[29,2],"rotation":0},{"name":"cobble","pos":[29,6],"rotation":0},{"name":"cobble","pos":[29,14],"rotation":0},{"name":"cobble","pos":[29,18],"rotation":0},{"name":"cobble","pos":[29,20],"rotation":0},{"name":"cobble","pos":[29,24],"rotation":0},{"name":"cobble","pos":[29,28],"rotation":0},{"name":"cobble","pos":[29,34],"rotation":0},{"name":"cobble","pos":[29,40],"rotation":0},{"name":"cobble","pos":[29,46],"rotation":0},{"name":"cobble","pos":[30,0],"rotation":0},{"name":"cobble","pos":[30,2],"rotation":0},{"name":"cobble","pos":[30,4],"rotation":0},{"name":"cobble","pos":[30,5],"rotation":0},{"name":"cobble","pos":[30,6],"rotation":0},{"name":"cobble","pos":[30,7],"rotation":0},{"name":"cobble","pos":[30,8],"rotation":0},{"name":"cobble","pos":[30,10],"rotation":0},{"name":"cobble","pos":[30,11],"rotation":0},{"name":"cobble","pos":[30,12],"rotation":0},{"name":"cobble","pos":[30,14],"rotation":0},{"name":"cobble","pos":[30,16],"rotation":0},{"name":"cobble","pos":[30,17],"rotation":0},{"name":"cobble","pos":[30,18],"rotation":0},{"name":"cobble","pos":[30,20],"rotation":0},{"name":"cobble","pos":[30,22],"rotation":0},{"name":"cobble","pos":[30,24],"rotation":0},{"name":"cobble","pos":[30,26],"rotation":0},{"name":"cobble","pos":[30,28],"rotation":0},{"name":"cobble","pos":[30,29],"rotation":0},{"name":"cobble","pos":[30,30],"rotation":0},{"name":"cobble","pos":[30,32],"rotation":0},{"name":"cobble","pos":[30,33],"rotation":0},{"name":"cobble","pos":[30,34],"rotation":0},{"name":"cobble","pos":[30,35],"rotation":0},{"name":"cobble","pos":[30,36],"rotation":0},{"name":"cobble","pos":[30,38],"rotation":0},{"name":"cobble","pos":[30,39],"rotation":0},{"name":"cobble","pos":[30,40],"rotation":0},{"name":"cobble","pos":[30,42],"rotation":0},{"name":"cobble","pos":[30,43],"rotation":0},{"name":"cobble","pos":[30,44],"rotation":0},{"name":"cobble","pos":[30,46],"rotation":0},{"name":"cobble","pos":[31,0],"rotation":0},{"name":"cobble","pos":[31,2],"rotation":0},{"name":"cobble","pos":[31,12],"rotation":0},{"name":"cobble","pos":[31,22],"rotation":0},{"name":"cobble","pos":[31,26],"rotation":0},{"name":"cobble","pos":[31,30],"rotation":0},{"name":"cobble","pos":[31,36],"rotation":0},{"name":"cobble","pos":[31,42],"rotation":0},{"name":"cobble","pos":[31,44],"rotation":0},{"name":"cobble","pos":[31,46],"rotation":0},{"name":"cobble","pos":[32,0],"rotation":0},{"name":"cobble","pos":[32,2],"rotation":0},{"name":"cobble","pos":[32,4],"rotation":0},{"name":"cobble","pos":[32,5],"rotation":0},{"name":"cobble","pos":[32,6],"rotation":0},{"name":"cobble","pos":[32,8],"rotation":0},{"name":"cobble","pos":[32,10],"rotation":0},{"name":"cobble","pos":[32,11],"rotation":0},{"name":"cobble","pos":[32,12],"rotation":0},{"name":"cobble","pos":[32,13],"rotation":0},{"name":"cobble","pos":[32,14],"rotation":0},{"name":"cobble","pos":[32,16],"rotation":0},{"name":"cobble","pos":[32,17],"rotation":0},{"name":"cobble","pos":[32,18],"rotation":0},{"name":"cobble","pos":[32,20],"rotation":0},{"name":"cobble","pos":[32,22],"rotation":0},{"name":"cobble","pos":[32,23],"rotation":0},{"name":"cobble","pos":[32,24],"rotation":0},{"name":"cobble","pos":[32,26],"rotation":0},{"name":"cobble","pos":[32,28],"rotation":0},{"name":"cobble","pos":[32,30],"rotation":0},{"name":"cobble","pos":[32,32],"rotation":0},{"name":"cobble","pos":[32,34],"rotation":0},{"name":"cobble","pos":[32,35],"rotation":0},{"name":"cobble","pos":[32,36],"rotation":0},{"name":"cobble","pos":[32,38],"rotation":0},{"name":"cobble","pos":[32,39],"rotation":0},{"name":"cobble","pos":[32,40],"rotation":0},{"name":"cobble","pos":[32,42],"rotation":0},{"name":"cobble","pos":[32,44],"rotation":0},{"name":"cobble","pos":[32,45],"rotation":0},{"name":"cobble","pos":[32,46],"rotation":0},{"name":"cobble","pos":[33,0],"rotation":0},{"name":"cobble","pos":[33,2],"rotation":0},{"name":"cobble","pos":[33,6],"rotation":0},{"name":"cobble","pos":[33,8],"rotation":0},{"name":"cobble","pos":[33,12],"rotation":0},{"name":"cobble","pos":[33,18],"rotation":0},{"name":"cobble","pos":[33,20],"rotation":0},{"name":"cobble","pos":[33,24],"rotation":0},{"name":"cobble","pos":[33,26],"rotation":0},{"name":"cobble","pos":[33,28],"rotation":0},{"name":"cobble","pos":[33,32],"rotation":0},{"name":"cobble","pos":[33,46],"rotation":0},{"name":"cobble","pos":[34,0],"rotation":0},{"name":"cobble","pos":[34,1],"rotation":0},{"name":"cobble","pos":[34,2],"rotation":0},{"name":"cobble","pos":[34,3],"rotation":0},{"name":"cobble","pos":[34,4],"rotation":0},{"name":"cobble","pos":[34,6],"rotation":0},{"name":"cobble","pos":[34,7],"rotation":0},{"name":"cobble","pos":[34,8],"rotation":0},{"name":"cobble","pos":[34,9],"rotation":0},{"name":"cobble","pos":[34,10],"rotation":0},{"name":"cobble","pos":[34,12],"rotation":0},{"name":"cobble","pos":[34,13],"rotation":0},{"name":"cobble","pos":[34,14],"rotation":0},{"name":"cobble","pos":[34,16],"rotation":0},{"name":"cobble","pos":[34,17],"rotation":0},{"name":"cobble","pos":[34,18],"rotation":0},{"name":"cobble","pos":[34,20],"rotation":0},{"name":"cobble","pos":[34,21],"rotation":0},{"name":"cobble","pos":[34,22],"rotation":0},{"name":"cobble","pos":[34,23],"rotation":0},{"name":"cobble","pos":[34,24],"rotation":0},{"name":"cobble","pos":[34,25],"rotation":0},{"name":"cobble","pos":[34,26],"rotation":0},{"name":"cobble","pos":[34,28],"rotation":0},{"name":"cobble","pos":[34,29],"rotation":0},{"name":"cobble","pos":[34,30],"rotation":0},{"name":"cobble","pos":[34,31],"rotation":0},{"name":"cobble","pos":[34,32],"rotation":0},{"name":"cobble","pos":[34,33],"rotation":0},{"name":"cobble","pos":[34,34],"rotation":0},{"name":"cobble","pos":[34,35],"rotation":0},{"name":"cobble","pos":[34,36],"rotation":0},{"name":"cobble","pos":[34,37],"rotation":0},{"name":"cobble","pos":[34,38],"rotation":0},{"name":"cobble","pos":[34,40],"rotation":0},{"name":"cobble","pos":[34,41],"rotation":0},{"name":"cobble","pos":[34,42],"rotation":0},{"name":"cobble","pos":[34,44],"rotation":0},{"name":"cobble","pos":[34,45],"rotation":0},{"name":"cobble","pos":[34,46],"rotation":0},{"name":"cobble","pos":[35,0],"rotation":0},{"name":"cobble","pos":[35,4],"rotation":0},{"name":"cobble","pos":[35,10],"rotation":0},{"name":"cobble","pos":[35,12],"rotation":0},{"name":"cobble","pos":[35,16],"rotation":0},{"name":"cobble","pos":[35,20],"rotation":0},{"name":"cobble","pos":[35,22],"rotation":0},{"name":"cobble","pos":[35,26],"rotation":0},{"name":"cobble","pos":[35,28],"rotation":0},{"name":"cobble","pos":[35,34],"rotation":0},{"name":"cobble","pos":[35,36],"rotation":0},{"name":"cobble","pos":[35,40],"rotation":0},{"name":"cobble","pos":[35,42],"rotation":0},{"name":"cobble","pos":[35,46],"rotation":0},{"name":"cobble","pos":[36,0],"rotation":0},{"name":"cobble","pos":[36,2],"rotation":0},{"name":"cobble","pos":[36,4],"rotation":0},{"name":"cobble","pos":[36,6],"rotation":0},{"name":"cobble","pos":[36,8],"rotation":0},{"name":"cobble","pos":[36,10],"rotation":0},{"name":"cobble","pos":[36,12],"rotation":0},{"name":"cobble","pos":[36,14],"rotation":0},{"name":"cobble","pos":[36,15],"rotation":0},{"name":"cobble","pos":[36,16],"rotation":0},{"name":"cobble","pos":[36,18],"rotation":0},{"name":"cobble","pos":[36,20],"rotation":0},{"name":"cobble","pos":[36,22],"rotation":0},{"name":"cobble","pos":[36,24],"rotation":0},{"name":"cobble","pos":[36,26],"rotation":0},{"name":"cobble","pos":[36,28],"rotation":0},{"name":"cobble","pos":[36,30],"rotation":0},{"name":"cobble","pos":[36,31],"rotation":0},{"name":"cobble","pos":[36,32],"rotation":0},{"name":"cobble","pos":[36,34],"rotation":0},{"name":"cobble","pos":[36,36],"rotation":0},{"name":"cobble","pos":[36,38],"rotation":0},{"name":"cobble","pos":[36,39],"rotation":0},{"name":"cobble","pos":[36,40],"rotation":0},{"name":"cobble","pos":[36,42],"rotation":0},{"name":"cobble","pos":[36,43],"rotation":0},{"name":"cobble","pos":[36,44],"rotation":0},{"name":"cobble","pos":[36,46],"rotation":0},{"name":"cobble","pos":[37,0],"rotation":0},{"name":"cobble","pos":[37,2],"rotation":0},{"name":"cobble","pos":[37,6],"rotation":0},{"name":"cobble","pos":[37,8],"rotation":0},{"name":"cobble","pos":[37,10],"rotation":0},{"name":"cobble","pos":[37,16],"rotation":0},{"name":"cobble","pos":[37,18],"rotation":0},{"name":"cobble","pos":[37,24],"rotation":0},{"name":"cobble","pos":[37,30],"rotation":0},{"name":"cobble","pos":[37,34],"rotation":0},{"name":"cobble","pos":[37,40],"rotation":0},{"name":"cobble","pos":[37,46],"rotation":0},{"name":"cobble","pos":[38,0],"rotation":0},{"name":"cobble","pos":[38,1],"rotation":0},{"name":"cobble","pos":[38,2],"rotation":0},{"name":"cobble","pos":[38,4],"rotation":0},{"name":"cobble","pos":[38,5],"rotation":0},{"name":"cobble","pos":[38,6],"rotation":0},{"name":"cobble","pos":[38,7],"rotation":0},{"name":"cobble","pos":[38,8],"rotation":0},{"name":"cobble","pos":[38,10],"rotation":0},{"name":"cobble","pos":[38,12],"rotation":0},{"name":"cobble","pos":[38,13],"rotation":0},{"name":"cobble","pos":[38,14],"rotation":0},{"name":"cobble","pos":[38,16],"rotation":0},{"name":"cobble","pos":[38,18],"rotation":0},{"name":"cobble","pos":[38,19],"rotation":0},{"name":"cobble","pos":[38,20],"rotation":0},{"name":"cobble","pos":[38,22],"rotation":0},{"name":"cobble","pos":[38,24],"rotation":0},{"name":"cobble","pos":[38,26],"rotation":0},{"name":"cobble","pos":[38,27],"rotation":0},{"name":"cobble","pos":[38,28],"rotation":0},{"name":"cobble","pos":[38,30],"rotation":0},{"name":"cobble","pos":[38,31],"rotation":0},{"name":"cobble","pos":[38,32],"rotation":0},{"name":"cobble","pos":[38,34],"rotation":0},{"name":"cobble","pos":[38,36],"rotation":0},{"name":"cobble","pos":[38,38],"rotation":0},{"name":"cobble","pos":[38,39],"rotation":0},{"name":"cobble","pos":[38,40],"rotation":0},{"name":"cobble","pos":[38,42],"rotation":0},{"name":"cobble","pos":[38,44],"rotation":0},{"name":"cobble","pos":[38,45],"rotation":0},{"name":"cobble","pos":[38,46],"rotation":0},{"name":"cobble","pos":[39,0],"rotation":0},{"name":"cobble","pos":[39,6],"rotation":0},{"name":"cobble","pos":[39,12],"rotation":0},{"name":"cobble","pos":[39,16],"rotation":0},{"name":"cobble","pos":[39,18],"rotation":0},{"name":"cobble","pos":[39,20],"rotation":0},{"name":"cobble","pos":[39,22],"rotation":0},{"name":"cobble","pos":[39,24],"rotation":0},{"name":"cobble","pos":[39,28],"rotation":0},{"name":"cobble","pos":[39,32],"rotation":0},{"name":"cobble","pos":[39,36],"rotation":0},{"name":"cobble","pos":[39,42],"rotation":0},{"name":"cobble","pos":[39,46],"rotation":0},{"name":"cobble","pos":[40,0],"rotation":0},{"name":"cobble","pos":[40,1],"rotation":0},{"name":"cobble","pos":[40,2],"rotation":0},{"name":"cobble","pos":[40,4],"rotation":0},{"name":"cobble","pos":[40,6],"rotation":0},{"name":"cobble","pos":[40,7],"rotation":0},{"name":"cobble","pos":[40,8],"rotation":0},{"name":"cobble","pos":[40,10],"rotation":0},{"name":"cobble","pos":[40,11],"rotation":0},{"name":"cobble","pos":[40,12],"rotation":0},{"name":"cobble","pos":[40,14],"rotation":0},{"name":"cobble","pos":[40,15],"rotation":0},{"name":"cobble","pos":[40,16],"rotation":0},{"name":"cobble","pos":[40,18],"rotation":0},{"name":"cobble","pos":[40,20],"rotation":0},{"name":"cobble","pos":[40,22],"rotation":0},{"name":"cobble","pos":[40,23],"rotation":0},{"name":"cobble","pos":[40,24],"rotation":0},{"name":"cobble","pos":[40,25],"rotation":0},{"name":"cobble","pos":[40,26],"rotation":0},{"name":"cobble","pos":[40,28],"rotation":0},{"name":"cobble","pos":[40,29],"rotation":0},{"name":"cobble","pos":[40,30],"rotation":0},{"name":"cobble","pos":[40,32],"rotation":0},{"name":"cobble","pos":[40,33],"rotation":0},{"name":"cobble","pos":[40,34],"rotation":0},{"name":"cobble","pos":[40,35],"rotation":0},{"name":"cobble","pos":[40,36],"rotation":0},{"name":"cobble","pos":[40,38],"rotation":0},{"name":"cobble","pos":[40,39],"rotation":0},{"name":"cobble","pos":[40,40],"rotation":0},{"name":"cobble","pos":[40,41],"rotation":0},{"name":"cobble","pos":[40,42],"rotation":0},{"name":"cobble","pos":[40,44],"rotation":0},{"name":"cobble","pos":[40,45],"rotation":0},{"name":"cobble","pos":[40,46],"rotation":0},{"name":"cobble","pos":[41,0],"rotation":0},{"name":"cobble","pos":[41,2],"rotation":0},{"name":"cobble","pos":[41,4],"rotation":0},{"name":"cobble","pos":[41,6],"rotation":0},{"name":"cobble","pos":[41,12],"rotation":0},{"name":"cobble","pos":[41,22],"rotation":0},{"name":"cobble","pos":[41,32],"rotation":0},{"name":"cobble","pos":[41,36],"rotation":0},{"name":"cobble","pos":[41,40],"rotation":0},{"name":"cobble","pos":[41,44],"rotation":0},{"name":"cobble","pos":[41,46],"rotation":0},{"name":"cobble","pos":[42,0],"rotation":0},{"name":"cobble","pos":[42,2],"rotation":0},{"name":"cobble","pos":[42,3],"rotation":0},{"name":"cobble","pos":[42,4],"rotation":0},{"name":"cobble","pos":[42,6],"rotation":0},{"name":"cobble","pos":[42,8],"rotation":0},{"name":"cobble","pos":[42,9],"rotation":0},{"name":"cobble","pos":[42,10],"rotation":0},{"name":"cobble","pos":[42,12],"rotation":0},{"name":"cobble","pos":[42,14],"rotation":0},{"name":"cobble","pos":[42,15],"rotation":0},{"name":"cobble","pos":[42,16],"rotation":0},{"name":"cobble","pos":[42,18],"rotation":0},{"name":"cobble","pos":[42,19],"rotation":0},{"name":"cobble","pos":[42,20],"rotation":0},{"name":"cobble","pos":[42,21],"rotation":0},{"name":"cobble","pos":[42,22],"rotation":0},{"name":"cobble","pos":[42,24],"rotation":0},{"name":"cobble","pos":[42,26],"rotation":0},{"name":"cobble","pos":[42,28],"rotation":0},{"name":"cobble","pos":[42,29],"rotation":0},{"name":"cobble","pos":[42,30],"rotation":0},{"name":"cobble","pos":[42,32],"rotation":0},{"name":"cobble","pos":[42,34],"rotation":0},{"name":"cobble","pos":[42,36],"rotation":0},{"name":"cobble","pos":[42,38],"rotation":0},{"name":"cobble","pos":[42,39],"rotation":0},{"name":"cobble","pos":[42,40],"rotation":0},{"name":"cobble","pos":[42,42],"rotation":0},{"name":"cobble","pos":[42,43],"rotation":0},{"name":"cobble","pos":[42,44],"rotation":0},{"name":"cobble","pos":[42,46],"rotation":0},{"name":"cobble","pos":[43,0],"rotation":0},{"name":"cobble","pos":[43,6],"rotation":0},{"name":"cobble","pos":[43,8],"rotation":0},{"name":"cobble","pos":[43,15],"rotation":0},{"name":"cobble","pos":[43,24],"rotation":0},{"name":"cobble","pos":[43,26],"rotation":0},{"name":"cobble","pos":[43,30],"rotation":0},{"name":"cobble","pos":[43,34],"rotation":0},{"name":"cobble","pos":[43,42],"rotation":0},{"name":"cobble","pos":[43,46],"rotation":0},{"name":"cobble","pos":[44,0],"rotation":0},{"name":"cobble","pos":[44,2],"rotation":0},{"name":"cobble","pos":[44,4],"rotation":0},{"name":"cobble","pos":[44,6],"rotation":0},{"name":"cobble","pos":[44,8],"rotation":0},{"name":"cobble","pos":[44,10],"rotation":0},{"name":"cobble","pos":[44,11],"rotation":0},{"name":"cobble","pos":[44,12],"rotation":0},{"name":"cobble","pos":[44,14],"rotation":0},{"name":"cobble","pos":[44,15],"rotation":0},{"name":"cobble","pos":[44,16],"rotation":0},{"name":"cobble","pos":[44,18],"rotation":0},{"name":"cobble","pos":[44,20],"rotation":0},{"name":"cobble","pos":[44,21],"rotation":0},{"name":"cobble","pos":[44,22],"rotation":0},{"name":"cobble","pos":[44,24],"rotation":0},{"name":"cobble","pos":[44,25],"rotation":0},{"name":"cobble","pos":[44,26],"rotation":0},{"name":"cobble","pos":[44,27],"rotation":0},{"name":"cobble","pos":[44,28],"rotation":0},{"name":"cobble","pos":[44,30],"rotation":0},{"name":"cobble","pos":[44,32],"rotation":0},{"name":"cobble","pos":[44,33],"rotation":0},{"name":"cobble","pos":[44,34],"rotation":0},{"name":"cobble","pos":[44,35],"rotation":0},{"name":"cobble","pos":[44,36],"rotation":0},{"name":"cobble","pos":[44,38],"rotation":0},{"name":"cobble","pos":[44,40],"rotation":0},{"name":"cobble","pos":[44,42],"rotation":0},{"name":"cobble","pos":[44,44],"rotation":0},{"name":"cobble","pos":[44,46],"rotation":0},{"name":"cobble","pos":[45,0],"rotation":0},{"name":"cobble","pos":[45,2],"rotation":0},{"name":"cobble","pos":[45,4],"rotation":0},{"name":"cobble","pos":[45,8],"rotation":0},{"name":"cobble","pos":[45,10],"rotation":0},{"name":"cobble","pos":[45,16],"rotation":0},{"name":"cobble","pos":[45,18],"rotation":0},{"name":"cobble","pos":[45,22],"rotation":0},{"name":"cobble","pos":[45,26],"rotation":0},{"name":"cobble","pos":[45,30],"rotation":0},{"name":"cobble","pos":[45,34],"rotation":0},{"name":"cobble","pos":[45,38],"rotation":0},{"name":"cobble","pos":[45,40],"rotation":0},{"name":"cobble","pos":[45,44],"rotation":0},{"name":"cobble","pos":[45,46],"rotation":0},{"name":"cobble","pos":[46,0],"rotation":0},{"name":"cobble","pos":[46,1],"rotation":0},{"name":"cobble","pos":[46,2],"rotation":0},{"name":"cobble","pos":[46,3],"rotation":0},{"name":"cobble","pos":[46,4],"rotation":0},{"name":"cobble","pos":[46,5],"rotation":0},{"name":"cobble","pos":[46,6],"rotation":0},{"name":"cobble","pos":[46,7],"rotation":0},{"name":"cobble","pos":[46,8],"rotation":0},{"name":"cobble","pos":[46,9],"rotation":0},{"name":"cobble","pos":[46,10],"rotation":0},{"name":"cobble","pos":[46,11],"rotation":0},{"name":"cobble","pos":[46,12],"rotation":0},{"name":"cobble","pos":[46,13],"rotation":0},{"name":"cobble","pos":[46,14],"rotation":0},{"name":"cobble","pos":[46,15],"rotation":0},{"name":"cobble","pos":[46,16],"rotation":0},{"name":"cobble","pos":[46,17],"rotation":0},{"name":"cobble","pos":[46,18],"rotation":0},{"name":"cobble","pos":[46,19],"rotation":0},{"name":"cobble","pos":[46,20],"rotation":0},{"name":"cobble","pos":[46,21],"rotation":0},{"name":"cobble","pos":[46,22],"rotation":0},{"name":"cobble","pos":[46,23],"rotation":0},{"name":"cobble","pos":[46,24],"rotation":0},{"name":"cobble","pos":[46,25],"rotation":0},{"name":"cobble","pos":[46,26],"rotation":0},{"name":"cobble","pos":[46,27],"rotation":0},{"name":"cobble","pos":[46,28],"rotation":0},{"name":"cobble","pos":[46,29],"rotation":0},{"name":"cobble","pos":[46,30],"rotation":0},{"name":"cobble","pos":[46,31],"rotation":0},{"name":"cobble","pos":[46,32],"rotation":0},{"name":"cobble","pos":[46,33],"rotation":0},{"name":"cobble","pos":[46,34],"rotation":0},{"name":"cobble","pos":[46,35],"rotation":0},{"name":"cobble","pos":[46,36],"rotation":0},{"name":"cobble","pos":[46,37],"rotation":0},{"name":"cobble","pos":[46,38],"rotation":0},{"name":"cobble","pos":[46,39],"rotation":0},{"name":"cobble","pos":[46,40],"rotation":0},{"name":"cobble","pos":[46,41],"rotation":0},{"name":"cobble","pos":[46,42],"rotation":0},{"name":"cobble","pos":[46,43],"rotation":0},{"name":"cobble","pos":[46,44],"rotation":0},{"name":"cobble","pos":[46,45],"rotation":0},{"name":"cobble","pos":[46,46],"rotation":0}]}