{
    "level": [
        {
            "type": "cube",
            "pos": [0, 0],
            "texture": "stone.png"
        },
        {
            "type": "cube",
            "pos": [-2, 0],
            "texture": "stone.png"
        },
        {
            "type": "cube",
            "pos": [-4, 0],
            "texture": "stone.png"
        },
        {
            "type": "cube",
            "pos": [-6, 0],
            "texture": "stone.png"
        },
        {
            "type": "cube",
            "pos": [-8, 0],
            "texture": "stone.png"
        },
        {
            "type": "cube",
            "pos": [-10, 0],
            "texture": "stone.png"
        },
        {
            "type": "cube",
            "pos": [-12, 0],
            "texture": "stone.png"
        },
        {
            "type": "cube",
            "pos": [-14, 0],
            "texture": "stone.png"
        },
        {
            "type": "cube",
            "pos": [-16, 0],
            "texture": "stone.png"
        }
    ]
}